label,concentration,asymmetry,smoothness,gini,m20
elliptical,1.0898416590103788,0.834948,0.5791905,0.7063567,-0.7368167348576602
elliptical,1.1466371470205723,0.82644624,0.58149964,0.71587366,-0.7166359747525832
elliptical,1.0462992301296226,0.82305115,0.5773004,0.70823234,-0.7334374448102772
elliptical,1.085219211390701,0.8127235,0.5783074,0.698309,-0.6930662626320556
elliptical,1.0537302170309104,0.81559557,0.5689083,0.7061174,-0.7241640835133032
elliptical,1.0997906541517275,0.81271756,0.5825818,0.7094649,-0.7114910239844016
elliptical,1.1579018132412255,0.8006532,0.5645598,0.7112355,-0.8081047733531449
elliptical,1.0750573925212292,0.8161161,0.5740287,0.7008754,-0.7480605972263641
elliptical,1.0580221031873336,0.8175239,0.5709208,0.7121404,-0.6991606432689926
elliptical,1.1497023124626913,0.829313,0.57942206,0.69914216,-0.681198293669629
elliptical,1.1170978156218019,0.8310774,0.5783646,0.6986811,-0.752077921777305
elliptical,1.1336252922353571,0.7940295,0.5585965,0.7007239,-0.7496340229916442
elliptical,1.0795599876081694,0.8365067,0.57868797,0.7151232,-0.687248916061865
elliptical,1.1119470053257037,0.83071697,0.57409465,0.70955265,-0.7083848711084165
elliptical,1.1364233222368982,0.8376315,0.589755,0.7150403,-0.7333805713689429
elliptical,1.174099555133093,0.80571616,0.5776743,0.7115724,-0.7262926792084446
elliptical,1.1263612838864494,0.8156202,0.5799679,0.6933979,-0.7170980378145678
elliptical,1.1383825271851575,0.8312758,0.57758605,0.70725304,-0.7262809448753973
elliptical,1.0755260313294426,0.8222986,0.57244915,0.69733906,-0.7663388249488963
elliptical,1.1684065383432585,0.8139461,0.5720674,0.70007503,-0.7389885648342442
elliptical,1.119036663995999,0.83587736,0.58320004,0.7133733,-0.7347196395763067
elliptical,1.0888405638774388,0.8183642,0.5703503,0.70562077,-0.7170333962241608
elliptical,1.0963379944365153,0.8139315,0.57915735,0.7037442,-0.7591802435156364
elliptical,1.1605669457633288,0.79307085,0.57581,0.7026908,-0.7640066457192104
elliptical,1.094977118368355,0.81443375,0.57381254,0.7010616,-0.7590880332598058
elliptical,1.1232182540850895,0.81126773,0.57213545,0.69053376,-0.7326042878359746
elliptical,1.0528125779699868,0.8284555,0.5822302,0.70805156,-0.7245829681170609
elliptical,1.1079364996202261,0.81057745,0.5765643,0.7034691,-0.6828639682474031
elliptical,1.1166117755683294,0.8362266,0.576351,0.7107903,-0.7381381604748437
elliptical,1.1077523766968853,0.82618743,0.5784048,0.7107396,-0.7171931623421597
elliptical,1.0705267715022322,0.82910377,0.5786953,0.70410895,-0.7195648443543545
elliptical,1.1611185553464205,0.81863606,0.57828254,0.70698345,-0.6897353178953644
elliptical,1.1478706142017012,0.83576196,0.56969005,0.70894516,-0.745558900580911
elliptical,1.125863865154271,0.832784,0.573178,0.70650864,-0.7087289717107857
elliptical,1.0797221308737859,0.8268704,0.57988375,0.69874185,-0.6839568337676134
elliptical,1.0779591234074302,0.81814045,0.56698394,0.70462847,-0.6816990349577398
elliptical,1.2334349391414747,0.8129658,0.56954443,0.7026675,-0.7809540531687195
elliptical,1.1238027548765217,0.8246198,0.5834294,0.706143,-0.7187284710641864
elliptical,1.063535039142203,0.8066323,0.565655,0.6976916,-0.6908181278172588
elliptical,1.1324026492553287,0.8036425,0.57940376,0.7067286,-0.7713996614974002
elliptical,1.145029709045065,0.8264318,0.58519435,0.7060296,-0.7656320095148059
elliptical,1.1516763330397326,0.82333183,0.57046306,0.70657486,-0.7777082774136319
elliptical,1.0460768215391343,0.82534856,0.5805611,0.71016216,-0.7627295718951526
elliptical,1.058893257552767,0.8229354,0.5835057,0.7030418,-0.7321577911738728
elliptical,1.0781390569430789,0.79959035,0.5716977,0.70951915,-0.6920028874407043
elliptical,1.1456952229734194,0.8039249,0.5675166,0.69987357,-0.7123998102808006
elliptical,1.0595659932842079,0.80985045,0.57459015,0.71305823,-0.6998151964509683
elliptical,1.0601212515922984,0.8300545,0.58113825,0.70173264,-0.7452710631339595
elliptical,1.13754069165169,0.8117998,0.5685974,0.70625937,-0.7263423084960454
elliptical,1.1325309886310688,0.8156321,0.57527953,0.72709703,-0.7142004494464383
elliptical,1.103703334046018,0.83417445,0.5805949,0.70804137,-0.7129023356426547
elliptical,1.2258401961952063,0.8425324,0.5822373,0.7106614,-0.7914116399752854
elliptical,1.1204439768176864,0.83262044,0.57368314,0.7076262,-0.714455710982133
elliptical,1.0558534029263407,0.8122844,0.5676521,0.7090043,-0.7234278121030395
elliptical,1.1760230535701233,0.8229368,0.57011825,0.717556,-0.7237426870174081
elliptical,1.0948582603254287,0.81123644,0.5720271,0.7060218,-0.7127913570855149
elliptical,1.1364156277915718,0.8263796,0.5844636,0.7006731,-0.7335116278553083
elliptical,1.0872404998339507,0.8136079,0.5730682,0.70414275,-0.7519363029835444
elliptical,1.1851241187405832,0.8210393,0.5728084,0.70801747,-0.7746929088761505
elliptical,1.1895649249310896,0.8072869,0.57719857,0.70075595,-0.794686287251909
elliptical,1.1789102580470046,0.8162037,0.5777464,0.7162993,-0.734839516027483
elliptical,1.187211738734439,0.8168924,0.5686704,0.70844805,-0.730586334974744
elliptical,1.1204823618352477,0.82253647,0.5799985,0.71736205,-0.7102931634653663
elliptical,1.1253608448656047,0.78563756,0.56475025,0.71435773,-0.7135844810036029
elliptical,1.1411611690767867,0.8230683,0.5730151,0.697991,-0.7248692568443529
elliptical,1.078570968652441,0.8036759,0.58061856,0.71352446,-0.7175305682883767
elliptical,1.139738873706046,0.80821157,0.5763097,0.70731914,-0.7150231666379526
elliptical,1.1360320899237002,0.82411265,0.57980704,0.6947794,-0.7356165499936747
elliptical,1.179322610583742,0.81479436,0.57354355,0.71955884,-0.7321577663130542
elliptical,1.2248653215560594,0.8168824,0.5760027,0.7099373,-0.741419855371722
elliptical,1.0417508465495797,0.8636058,0.5889352,0.7241354,-0.6793734116408795
elliptical,1.170902080699538,0.8439509,0.58168113,0.7046877,-0.7669558330028864
elliptical,1.2003870256683848,0.82134646,0.5734066,0.704499,-0.7749546214082567
elliptical,1.10959779808509,0.83106714,0.5861496,0.70635235,-0.6932389026801065
elliptical,1.088893994300885,0.8158683,0.5718153,0.6998215,-0.7274005136209596
elliptical,1.0986360469990177,0.8121385,0.5688619,0.706185,-0.7192173783836484
elliptical,1.140507899241818,0.8120252,0.57760847,0.71111816,-0.736560228752995
elliptical,1.2260761346932636,0.81214195,0.56423455,0.69878316,-0.7633205259367869
elliptical,1.118801647761323,0.8043008,0.57293785,0.69743943,-0.7506771985370722
elliptical,1.1848397302263665,0.82320076,0.5784871,0.69776267,-0.7699258268565617
elliptical,1.0931725188069996,0.8136145,0.57636684,0.70908487,-0.7303924131568549
elliptical,1.1335517327093554,0.8150868,0.56941485,0.71024764,-0.7181449387836888
elliptical,1.1021310569327873,0.8089644,0.5786171,0.71015334,-0.6805655813421907
elliptical,1.14900943820259,0.8150285,0.57567436,0.71408606,-0.7415281116577039
elliptical,1.1292135387354443,0.84215873,0.58689225,0.7093771,-0.7446250756289717
elliptical,1.1949584266681494,0.79971546,0.56371564,0.704025,-0.7611696903478125
elliptical,1.0724823749971544,0.8080622,0.57590336,0.70841956,-0.7219596495788154
elliptical,1.0848990544655173,0.8278333,0.5771602,0.69594777,-0.698173748499347
elliptical,1.1267364257373285,0.81693435,0.5677715,0.6952977,-0.7106105221241201
elliptical,1.102831469634517,0.81910026,0.58132225,0.7027029,-0.7210118603265316
elliptical,1.1325251605717146,0.82818663,0.5654496,0.7041403,-0.755862375152661
elliptical,1.0629538660487106,0.8056091,0.57377267,0.71180373,-0.7391705673558651
elliptical,1.1405100816457316,0.7990673,0.5683963,0.700791,-0.6878482253904367
elliptical,1.1849314665626582,0.81411415,0.58140254,0.7071552,-0.7658303189085146
elliptical,1.1769286859793369,0.8518046,0.58572215,0.70489764,-0.7226896859846107
elliptical,1.1286065832915446,0.8099824,0.5757665,0.70184207,-0.7536144828099268
elliptical,1.1046974415646467,0.8194293,0.57649934,0.6973329,-0.7065937543998178
elliptical,1.101501190245417,0.80564046,0.5562597,0.69967514,-0.7147704971474068
elliptical,1.2123591020737738,0.8269199,0.57633215,0.7138289,-0.7737635111210001
elliptical,1.110591595493195,0.83265746,0.579666,0.70806986,-0.72437975915842
elliptical,1.1280063087617869,0.82236475,0.5746541,0.7066889,-0.7027731321291908
elliptical,1.0161794208669794,0.83654356,0.5891213,0.7172251,-0.7142931921212174
elliptical,1.040818328544604,0.82225156,0.5701661,0.70055926,-0.6993296728692229
elliptical,1.14145237944793,0.8188653,0.58234024,0.7047877,-0.7017449479783856
elliptical,1.0506335152164896,0.8043622,0.5620076,0.7008631,-0.7017973356005438
elliptical,1.0495189783938075,0.8203626,0.5694943,0.7075553,-0.7037678476368991
elliptical,1.116405361429759,0.8247926,0.5722281,0.6991917,-0.7329863495301105
elliptical,1.1606151037436983,0.8629893,0.58959436,0.7044536,-0.7473938056230336
elliptical,1.1274827352938037,0.83578956,0.5796744,0.7085545,-0.7285083199347614
elliptical,1.1011677430592817,0.80653983,0.5616631,0.70386064,-0.7562984354112916
elliptical,1.1226774545500948,0.8209425,0.57608604,0.69888973,-0.7370595420925034
elliptical,1.110815950715605,0.8323677,0.5830234,0.7046814,-0.7488512800180626
elliptical,1.1297706417872353,0.8254968,0.5727826,0.7058257,-0.7612670858742251
elliptical,1.2353801046222195,0.8205532,0.5767818,0.70325065,-0.7890828162285892
elliptical,1.186694384829675,0.8227297,0.5767061,0.7022067,-0.7166621397590144
elliptical,1.2317368318735062,0.8363058,0.58033323,0.7107303,-0.7582197138788552
elliptical,1.1111522947566335,0.83449584,0.5784451,0.71428937,-0.7531398432131988
elliptical,1.1274016945914935,0.8118761,0.56217325,0.70675147,-0.7349517539314786
elliptical,1.1043879169621897,0.8082514,0.5611148,0.7035249,-0.737226359414582
elliptical,1.239449695354302,0.81211823,0.57313216,0.7113613,-0.7788804237631076
elliptical,1.1108348647532698,0.80640066,0.567118,0.69809455,-0.7328005318623568
elliptical,1.095570541828653,0.83487433,0.5773385,0.70710766,-0.7048214605871524
elliptical,1.1097101953628232,0.82321244,0.5727903,0.6998204,-0.7310533013014905
elliptical,1.091083803103072,0.8109874,0.5766313,0.70861655,-0.6878390245895041
elliptical,1.0853057058608169,0.83127564,0.5814801,0.70599675,-0.6920274713872505
elliptical,1.047382361545916,0.8234394,0.5673177,0.70672774,-0.6851100385231306
elliptical,1.127765880501555,0.83676654,0.5721165,0.70737886,-0.7074360181238997
elliptical,1.144397963941099,0.81841636,0.57721573,0.6973134,-0.7174781046448083
elliptical,1.1538239086108828,0.8311052,0.58647513,0.70441025,-0.7075794425825428
elliptical,1.1504719412176192,0.8234824,0.575455,0.7079741,-0.7223385568426334
elliptical,1.126628193520955,0.81718504,0.5701232,0.70549744,-0.744530928362568
elliptical,1.1370157468317001,0.8246495,0.5699824,0.708895,-0.7096495053086596
elliptical,1.122935375360272,0.8206795,0.5689903,0.7111825,-0.7195798935549894
elliptical,1.0914370898902543,0.816793,0.5706806,0.7054647,-0.7198715726574412
elliptical,1.1390999601545457,0.8029926,0.57631344,0.713655,-0.7052141795124686
elliptical,1.1152484283536446,0.83500046,0.5874738,0.7113861,-0.7223760740815216
elliptical,1.091545746445069,0.80136603,0.5761291,0.7031959,-0.7064435047795439
elliptical,1.145700980719213,0.8358866,0.5788636,0.7030071,-0.7620680584854083
elliptical,1.2397690241508066,0.80397606,0.5670558,0.70302904,-0.7816351155343894
elliptical,1.1554225627466828,0.8013418,0.5639167,0.69686776,-0.7464714697453433
elliptical,1.1743463020184706,0.83794695,0.5784225,0.70263886,-0.7591417104810787
elliptical,1.1292974664432653,0.8188725,0.58243483,0.6989745,-0.7442571207054399
elliptical,1.1679055011447832,0.80949384,0.5625262,0.704968,-0.6981856474144307
elliptical,1.1081937163452853,0.80717057,0.5733954,0.70515376,-0.7736104100196116
elliptical,1.1270931154235213,0.8143052,0.5661037,0.69993556,-0.7409133048523636
elliptical,1.189196951613856,0.82156956,0.56830883,0.7035834,-0.7598538331475954
elliptical,1.0809908357393168,0.8301972,0.57461596,0.7056119,-0.7234660408602698
elliptical,1.0650216826385623,0.8051712,0.5731401,0.702747,-0.7574089915833216
elliptical,1.0681462597259859,0.79367846,0.5664314,0.70667106,-0.7246644826682224
elliptical,1.1053547992855197,0.84687144,0.57584774,0.7041377,-0.7346198915540605
elliptical,1.1097519486010665,0.8196047,0.574097,0.70986414,-0.6786548106669686
elliptical,1.1407121352172664,0.80545014,0.5633288,0.702826,-0.7162559648741533
elliptical,1.1147955038546016,0.80725706,0.57389265,0.7083911,-0.676508857301668
elliptical,1.075031380497188,0.80266047,0.5722368,0.7061639,-0.726438270157237
elliptical,1.0976283752631997,0.80324113,0.5604537,0.701232,-0.6946755605112936
elliptical,1.1187278350457226,0.8035125,0.5647119,0.69966066,-0.7295820775128052
elliptical,1.1393672862077882,0.8146676,0.5723947,0.7181343,-0.7587231840262906
elliptical,1.0605179961725013,0.8057801,0.56761074,0.70008653,-0.6996362879144126
elliptical,1.1047744937027584,0.8182471,0.5754179,0.7127546,-0.7243813414570881
elliptical,1.1108527583840913,0.80380523,0.5622597,0.6952526,-0.7256783856377382
elliptical,1.1150174142657623,0.8226614,0.57500833,0.69602513,-0.7316133269108602
elliptical,1.1676010409708344,0.8051252,0.58259815,0.70982754,-0.704792828758123
elliptical,1.119616690892319,0.8156353,0.5771501,0.7000217,-0.7311585013711379
elliptical,1.0954280669817682,0.83969235,0.579776,0.71359235,-0.6920391849091925
elliptical,1.0992139578181965,0.8283242,0.5698859,0.6992214,-0.7324685359574592
elliptical,1.1347988927436852,0.82108146,0.5633565,0.69898593,-0.7287290404982116
elliptical,1.0687150708196822,0.8407481,0.5689443,0.70697033,-0.7091469693117083
elliptical,1.0427639440502054,0.81752163,0.57056653,0.7010193,-0.7138513093184737
elliptical,1.1472260391427864,0.84293133,0.5819629,0.70027626,-0.7371523831691164
elliptical,1.0495933763895124,0.8205632,0.5770935,0.70876133,-0.7128185798174229
elliptical,1.0988497748226798,0.82342505,0.5737854,0.70874393,-0.7077833094859622
elliptical,1.0854638201708753,0.8394983,0.5818013,0.71179926,-0.7173676763756113
elliptical,1.1794644739344777,0.82482004,0.5804105,0.70681965,-0.7374937232010539
elliptical,1.0716819221667697,0.8194035,0.58298546,0.700234,-0.7322555058966627
elliptical,1.1745549233024641,0.8229519,0.5720608,0.7008761,-0.7281379869875496
elliptical,1.1422237886127826,0.8097283,0.56375974,0.7158398,-0.7238677878511691
elliptical,1.1768895563792607,0.808186,0.57670146,0.70983875,-0.7265831153132528
elliptical,1.14686016810035,0.81733435,0.5675906,0.70417875,-0.7361407986769507
elliptical,1.130703026625954,0.81716573,0.5731716,0.7090503,-0.6981157197355737
elliptical,1.132785461542808,0.81915265,0.5741922,0.7050612,-0.6936038969032742
elliptical,1.174559671447882,0.8286493,0.58837605,0.69996774,-0.7622770524747553
elliptical,1.1225790967979927,0.8155408,0.5805403,0.7153746,-0.7050561779007731
elliptical,1.172493331229649,0.80800706,0.57878244,0.6981778,-0.7326015196443219
elliptical,1.1570629047912713,0.80734193,0.561349,0.7079041,-0.7350220983704508
elliptical,1.0956263237322668,0.8129722,0.576918,0.70678866,-0.7392199544025375
elliptical,1.2150841113025892,0.82437634,0.57782555,0.7069123,-0.7479426040754504
elliptical,1.1839150879259683,0.82029504,0.57830286,0.71217346,-0.7387198453573386
elliptical,1.2212808319379878,0.8317112,0.57300264,0.7072266,-0.7567962499872269
elliptical,1.143429532284912,0.8554642,0.5874695,0.7190478,-0.6941743166890341
elliptical,1.1402190775850327,0.82654923,0.57693475,0.70654905,-0.7238228960805976
elliptical,1.140486359588379,0.80853766,0.5756916,0.7083818,-0.7063877053321739
elliptical,1.159775436859702,0.8232545,0.58249956,0.6967273,-0.7070388334615857
elliptical,1.1653969180531818,0.81617504,0.58055186,0.711403,-0.7530173559204387
elliptical,1.077655465508097,0.807623,0.5706243,0.7024083,-0.7596405910328076
elliptical,1.1214956621086054,0.84751207,0.5831748,0.7100687,-0.7001437757070924
elliptical,1.1150336973848372,0.80882275,0.5767151,0.70223373,-0.7657163403789676
elliptical,1.0985826856901932,0.82340705,0.5769,0.71460605,-0.7426251642690262
elliptical,1.1947705680157485,0.8432796,0.5809007,0.7109751,-0.750965690056454
elliptical,1.0862089012914016,0.8340883,0.5797654,0.7163464,-0.7031839445054275
elliptical,1.1338227996154067,0.8124699,0.5696346,0.7071593,-0.7101610243779448
elliptical,1.0808315404124444,0.83091867,0.57463455,0.70685214,-0.6935960757275976
elliptical,1.1223897742335744,0.84359443,0.5837451,0.69715554,-0.7694314017310446
elliptical,1.0667094976880158,0.81588185,0.5781149,0.71595293,-0.7252284466193685
elliptical,1.1038522045464318,0.78683543,0.57042086,0.7080114,-0.7286935118370844
elliptical,1.128754893390404,0.8206607,0.58046395,0.7004831,-0.7747985196341074
elliptical,1.0810007808323059,0.80306405,0.5774025,0.70711946,-0.7186722363584366
elliptical,1.1207224027578429,0.8067624,0.57028884,0.7055791,-0.7451837551234146
elliptical,1.0516604235351947,0.8001872,0.57103306,0.6982719,-0.6806971702480166
elliptical,1.1080165064236867,0.8115306,0.57717144,0.7132684,-0.7321387865549722
elliptical,1.1389320318911702,0.8122921,0.5745559,0.7006519,-0.7448812536835332
elliptical,1.1158747653328647,0.82860523,0.581297,0.7064958,-0.7509646985603444
elliptical,1.1434532284947339,0.8352333,0.57937264,0.70710075,-0.7575803067169203
elliptical,1.085042243710872,0.8381705,0.5751285,0.7056583,-0.7473055927791705
elliptical,1.1228876718474354,0.8334263,0.5742846,0.6993586,-0.7350282352968133
elliptical,1.1363106493901898,0.8253734,0.57172,0.7035794,-0.7317982016983807
elliptical,1.1162380806413705,0.8045346,0.5649652,0.70324266,-0.7409182343243513
elliptical,1.1222001023867476,0.82682246,0.5755956,0.70954764,-0.6857733059410137
elliptical,1.153526929282492,0.8093874,0.56578535,0.7055258,-0.7621953777986128
elliptical,1.105130937423181,0.7972917,0.5710246,0.6928656,-0.7139179893226316
elliptical,1.104728942503315,0.8143136,0.58014107,0.70998305,-0.6878620028395731
elliptical,1.0974596147756606,0.8445544,0.5814019,0.70323825,-0.7261841929841623
elliptical,1.0534637477334956,0.81380326,0.56589645,0.7111542,-0.6866837732510592
elliptical,1.1448131451121848,0.83145446,0.5847651,0.69714653,-0.7392846277432233
elliptical,1.1118753452494983,0.8133988,0.57133186,0.7031543,-0.7341702962754735
elliptical,1.1906687314682083,0.8295944,0.5798967,0.69814545,-0.7578518021237077
elliptical,1.2244008052990465,0.8065048,0.5737602,0.7055726,-0.7079956225988518
elliptical,1.220932781676585,0.8167645,0.5806619,0.70217526,-0.7607938045252803
elliptical,1.11132159443097,0.7974641,0.5703558,0.7032032,-0.7215028541898646
elliptical,1.1869875647189783,0.83355176,0.5790787,0.6979724,-0.7167330497713965
elliptical,1.1332744052175798,0.8105519,0.5759535,0.7076496,-0.7102559511641771
elliptical,1.136423865302068,0.81898487,0.5846945,0.7038412,-0.7008080152418107
elliptical,1.1465718641147875,0.8341742,0.58318305,0.7103138,-0.6913207366828308
elliptical,1.0856291652595407,0.832356,0.5735127,0.70212376,-0.7151092930006249
elliptical,1.1654398427459034,0.84040594,0.5825034,0.705756,-0.7266544213336721
elliptical,1.1426207641523742,0.8110022,0.56822884,0.70230293,-0.7559202708541566
elliptical,1.1557026240843071,0.80533624,0.570616,0.6987559,-0.6969265212718218
elliptical,1.1527955271565316,0.8450034,0.59323263,0.71154183,-0.7968128156455152
elliptical,1.146262653007092,0.79791975,0.5543297,0.70277584,-0.7550237776159963
elliptical,1.130507498796593,0.80602854,0.57465297,0.6943359,-0.737678331214884
elliptical,1.0853486513746207,0.83768564,0.5887026,0.69786876,-0.7253688644816048
elliptical,1.1145493041099295,0.8135328,0.5717355,0.699377,-0.7142071310944587
elliptical,1.1242372017677784,0.79457104,0.5622356,0.70437944,-0.6711026302206845
elliptical,1.0786866925169798,0.82334673,0.57060033,0.707939,-0.7222005498173724
elliptical,1.112609146086632,0.8205873,0.5782115,0.70546556,-0.7449389225370716
elliptical,1.087015753550079,0.8319558,0.5789209,0.7080247,-0.6957664092599836
elliptical,1.2122556794285442,0.8328428,0.5851632,0.70180917,-0.7651319875242266
elliptical,1.1534032352596277,0.8055062,0.5704252,0.6992401,-0.7597103519647231
elliptical,1.1313967370683935,0.8220934,0.58307123,0.7132455,-0.6973900853642419
elliptical,1.2088430327174962,0.82089716,0.56936175,0.7089299,-0.8394856658309567
elliptical,1.1095835739121145,0.83248204,0.5904351,0.702946,-0.7386756168984464
elliptical,1.1608788982124831,0.8378396,0.5793701,0.7029574,-0.745728864000814
elliptical,1.0952097286386007,0.8434318,0.5804162,0.704402,-0.7192074482913341
elliptical,1.07508029384398,0.79993117,0.5665939,0.6987319,-0.6737437049504869
elliptical,1.1781340861372056,0.8161562,0.5769729,0.70923305,-0.7479184737077784
elliptical,1.1487658282851256,0.82352614,0.5770116,0.705387,-0.7753255859985089
elliptical,1.1846130497227554,0.8413251,0.58365154,0.71244836,-0.7405152219047004
elliptical,1.0475030484071979,0.8326029,0.58506215,0.7091696,-0.7552195186874329
elliptical,1.0969119982947775,0.8429431,0.57304597,0.7008674,-0.6905294228143212
elliptical,1.0874905091147864,0.82513446,0.56810975,0.71711457,-0.707618977389483
elliptical,1.0945272410329279,0.7959685,0.56713504,0.69331974,-0.687555588838845
elliptical,1.1460160040590344,0.8199213,0.5778821,0.7046827,-0.7746215624795957
elliptical,1.082455013020057,0.8232126,0.5823444,0.70878315,-0.7066499852073443
elliptical,1.1472950067431138,0.831557,0.5840096,0.71030444,-0.723397206623682
elliptical,1.1430961511311597,0.8062792,0.56624115,0.69407976,-0.7036212293132674
elliptical,1.117877312183557,0.7859804,0.5572151,0.69557875,-0.7209618430140401
elliptical,1.1219770313417747,0.8286529,0.58571285,0.70006394,-0.7068980855314376
elliptical,1.1061652932505752,0.8286676,0.58166665,0.699735,-0.7562038713618175
elliptical,1.1624697076755595,0.8117833,0.57190317,0.7105305,-0.7241782725966142
elliptical,1.109113646556099,0.8572498,0.5915398,0.70497966,-0.7254773573890886
elliptical,1.2237614448520882,0.82495785,0.57279974,0.7142421,-0.7694415336825418
elliptical,1.1469448274029255,0.8062329,0.5709391,0.6927561,-0.7039673489977549
elliptical,1.116771641383008,0.8203343,0.5708475,0.69243884,-0.7250905322757044
elliptical,1.2233759226367047,0.81589824,0.57433206,0.70946395,-0.7418340493936021
elliptical,1.0992683740181406,0.80369395,0.57346207,0.70029867,-0.692835081621867
elliptical,1.0775159256550706,0.81248707,0.5696516,0.7014264,-0.723597128554001
elliptical,1.0455344260467205,0.8291341,0.5813587,0.709314,-0.7373434703847093
elliptical,1.1146598359127682,0.8130262,0.57405335,0.70563924,-0.7364076386638988
elliptical,1.1323291013591115,0.83617854,0.5757414,0.70492375,-0.7630917054131471
elliptical,1.1475649473758942,0.8076247,0.57209665,0.7000717,-0.7631841731032208
elliptical,1.135610082535636,0.82200325,0.5795939,0.7063985,-0.6964145301994623
elliptical,1.1351935558619766,0.8392711,0.5768673,0.71217704,-0.7600221098124353
elliptical,1.0924652338919123,0.8329684,0.5837545,0.6961262,-0.7271001900780107
elliptical,1.128751462288053,0.80319697,0.57559025,0.7052368,-0.6798392671287755
elliptical,1.1009859599369471,0.8156708,0.5708247,0.709808,-0.721325725426187
elliptical,1.1330357777909847,0.8077378,0.57959825,0.69979453,-0.7664344863315843
elliptical,1.119568137293836,0.83780766,0.5773878,0.7089695,-0.7181826613661498
elliptical,1.0922720939710977,0.7815361,0.5580728,0.70072174,-0.7095408816240603
elliptical,1.0441494999272836,0.8168831,0.5753171,0.705938,-0.6955959159967449
elliptical,1.2392122895941207,0.82646346,0.5759735,0.7071204,-0.7671429053696601
elliptical,1.2226995025965313,0.818784,0.575998,0.706409,-0.7251331932867918
elliptical,1.0613256502048265,0.8233291,0.57827634,0.69565773,-0.6941177499897314
elliptical,1.151080727227522,0.8158946,0.57557243,0.7035464,-0.7251479406877546
elliptical,1.1695811151999538,0.8324951,0.57886994,0.7116803,-0.7571730400018046
elliptical,1.1269224917132905,0.8327276,0.57582057,0.7004975,-0.7030009500326247
elliptical,1.0586365460665372,0.8243704,0.58306116,0.70138896,-0.7156897744441512
elliptical,1.16265534965831,0.8345302,0.5819863,0.7111943,-0.713825442179535
elliptical,1.061423640844667,0.84532005,0.580704,0.70866394,-0.7294859770064134
elliptical,1.1074292981926477,0.83212185,0.5800945,0.69817173,-0.7119357131888582
elliptical,1.1596925048707356,0.83345854,0.5761324,0.7111035,-0.7208105645489106
elliptical,1.1227710389522196,0.8034633,0.57142967,0.7045965,-0.7535972845837762
elliptical,1.1310932113307681,0.816151,0.56982917,0.70636094,-0.77677822105603
elliptical,1.0244467465542575,0.8121919,0.5754844,0.7113433,-0.7536042382510025
elliptical,1.191283740578824,0.7921532,0.57292724,0.69933814,-0.7545896970069478
elliptical,1.1187200350649729,0.8284982,0.57728195,0.7037304,-0.7300784127219955
elliptical,1.0937602617523043,0.8280723,0.5714454,0.7135756,-0.7359091433331473
elliptical,1.1110147881263668,0.82802963,0.58570254,0.70149803,-0.7414562162955288
elliptical,1.1117744490807442,0.8005212,0.5743712,0.7034282,-0.6909707644974215
elliptical,1.1510427584887464,0.8161507,0.5754424,0.7030443,-0.7641863694285532
elliptical,1.1635809821564038,0.79799485,0.56031877,0.7000234,-0.6955392669403834
elliptical,1.0944370144128612,0.8277435,0.5779879,0.6948669,-0.7233726739095974
elliptical,1.0955782338569944,0.82474893,0.5778033,0.70335615,-0.7016731277648977
elliptical,1.1497935454570545,0.801208,0.56747013,0.69863325,-0.732483841056673
elliptical,1.1950015039256843,0.81572014,0.5772456,0.7054106,-0.7893506086187727
elliptical,1.1540315715698366,0.79947644,0.5724838,0.70074403,-0.7244519277113766
elliptical,1.1843749245443338,0.8149129,0.57922435,0.7008318,-0.7185186081899771
elliptical,1.1323143317269182,0.82756543,0.5744352,0.70188326,-0.724312978149822
elliptical,1.213012736278582,0.8199464,0.57621324,0.70841765,-0.7403313657222044
elliptical,1.0868342208496091,0.8194373,0.57383585,0.7103945,-0.7275496618489038
elliptical,1.1119001662118464,0.8291244,0.58172673,0.70724505,-0.7174053052762762
elliptical,1.1918890749995368,0.803469,0.57465816,0.71007407,-0.7512308696177834
elliptical,1.085267229679133,0.8067997,0.56895614,0.70808434,-0.7469699451686486
elliptical,1.1681790286284945,0.8301269,0.5807602,0.71181226,-0.7954602327547492
elliptical,1.1039983837296927,0.82053,0.5823149,0.7184998,-0.7186690512636718
elliptical,1.137518220225023,0.8324359,0.58915704,0.70592463,-0.719765703309389
elliptical,1.1804975738647674,0.81350094,0.5749424,0.7013482,-0.7173175453589781
elliptical,1.178578194792733,0.8249535,0.580621,0.7080912,-0.7666728335660001
elliptical,1.0839802563053822,0.81813776,0.5753124,0.70800734,-0.683519930825347
elliptical,1.2035286827710392,0.7923011,0.5632856,0.7036921,-0.7015848073443472
elliptical,1.1009948519642354,0.81660646,0.5718652,0.7157078,-0.7639906907504513
elliptical,1.167175938699042,0.8218956,0.5641781,0.6960546,-0.7441503457126005
elliptical,1.0924980812664402,0.84710485,0.5821602,0.7042656,-0.7060133002388674
elliptical,1.1558601019729156,0.8266424,0.56984335,0.70158243,-0.7673693662650851
elliptical,1.1334852171142502,0.82113683,0.5735636,0.7076913,-0.6876187416784652
elliptical,1.1356607060127084,0.8312274,0.5808195,0.69309455,-0.7326291676062724
elliptical,1.1684415141352236,0.8044261,0.5741644,0.71015865,-0.768321781963494
elliptical,1.1576881992624146,0.79584986,0.5684525,0.70056665,-0.7325133686863723
elliptical,1.1636249396083542,0.79696006,0.5558691,0.70022714,-0.7040385092654784
elliptical,1.0848551930796615,0.82695943,0.58270013,0.70995903,-0.7456642923795538
elliptical,1.0885669339354538,0.82529706,0.5760982,0.6991816,-0.69635576343679
elliptical,1.1431763630665934,0.80779344,0.56785715,0.70512336,-0.7084073915542867
elliptical,1.1766966323455432,0.8354734,0.57412785,0.7109655,-0.7617117734475787
elliptical,1.1064338765601356,0.8392257,0.56802595,0.70486546,-0.7043579806453493
elliptical,1.1426522319321073,0.8039599,0.5611686,0.7162637,-0.7240436094584538
elliptical,1.1254432747276153,0.81523776,0.5716548,0.7111032,-0.7397399066068404
elliptical,1.0741212857223439,0.8222898,0.5837685,0.69933033,-0.7012019242287971
elliptical,1.186200335910916,0.81108373,0.57722986,0.71228915,-0.7739914907360042
elliptical,1.0646906029717844,0.8201366,0.58121777,0.7074945,-0.7244388901843789
elliptical,1.1788820278494159,0.80645734,0.5722932,0.69355804,-0.7272847679836585
elliptical,1.0672168731076375,0.82145333,0.5736262,0.7115986,-0.7081688878367142
elliptical,1.011416675857084,0.8181132,0.57138413,0.69997233,-0.7205774001136789
spiral,1.632153805048465,0.8016923,0.54657865,0.6649103,-0.943943885865671
spiral,1.3944278826636458,0.8016353,0.5696886,0.6888032,-0.7913802413139519
spiral,1.5696562645489656,0.77916616,0.54591703,0.6664494,-0.8942972132915158
spiral,1.6020757617017467,0.7773596,0.5566634,0.67859197,-0.970886783594048
spiral,1.1751233301402881,0.8111746,0.5787759,0.698433,-0.7355694216174037
spiral,1.4084715511984436,0.7914627,0.5637331,0.6785738,-0.8276142101870662
spiral,2.056701540205702,0.76227516,0.53096604,0.66436267,-1.1369233154269722
spiral,1.3894908924050007,0.8231414,0.57024616,0.6859968,-0.8729875601922797
spiral,1.754047395790537,0.7922418,0.5540934,0.6729147,-0.9811893962729349
spiral,1.5953077573799768,0.78075886,0.54855275,0.68248284,-0.9575765889626141
spiral,1.4440571329377936,0.82952327,0.57415336,0.6590754,-0.8696421855600203
spiral,1.3582148093400426,0.8102981,0.5743786,0.68161136,-0.7679469998617319
spiral,1.5867622626831432,0.79428816,0.55110973,0.666827,-0.9302326420626548
spiral,1.9710351873175078,0.7706375,0.54202646,0.6618985,-1.1066208727520446
spiral,1.3556769214622806,0.81152576,0.568054,0.7003591,-0.7904518385837009
spiral,1.3749405860061823,0.80578226,0.572085,0.686629,-0.7863023142866573
spiral,1.7227951390057137,0.7623147,0.543786,0.67844594,-1.0188798335258997
spiral,1.3948087974486165,0.83394474,0.5788601,0.70058167,-0.7635281922775646
spiral,1.8627858246334952,0.76576716,0.5394683,0.6578803,-1.0464850874422251
spiral,1.3877192148450286,0.8205487,0.5751119,0.6927546,-0.7657227553452035
spiral,1.6275443134603764,0.7789967,0.5502776,0.6771164,-0.9637828797014727
spiral,1.400014066527306,0.8453708,0.583787,0.7013765,-0.7598770389913913
spiral,2.0094535765786308,0.7733586,0.5316931,0.6533002,-1.1705297868815574
spiral,1.4904013338577098,0.7962605,0.55462015,0.6561123,-0.8676670067402034
spiral,1.4046968568688438,0.82055116,0.57051283,0.6980696,-0.8202072103014608
spiral,1.3734332098037096,0.8242047,0.5806567,0.6998002,-0.8301578958877036
spiral,1.9938060163261841,0.7124852,0.5126501,0.6360704,-1.3248402899968288
spiral,1.526346038076976,0.7851464,0.5531867,0.67440075,-0.8439844534353108
spiral,1.6186155932140813,0.8161474,0.5686089,0.6814571,-0.9032339572965307
spiral,1.3205210788001296,0.81432366,0.5774641,0.69771683,-0.7867662593190821
spiral,1.401951662724537,0.81521004,0.5650623,0.69707906,-0.8400867288216656
spiral,2.098958509902675,0.7636155,0.527358,0.6402514,-1.2723224560779143
spiral,1.4764939056529398,0.7891699,0.55679613,0.6839709,-0.8674833549053
spiral,1.2680430454598888,0.7984904,0.5634936,0.68910193,-0.7884217987348585
spiral,1.3379348462711935,0.82418525,0.5689274,0.6836001,-0.8142553138750537
spiral,1.4037001666359925,0.7887695,0.56019646,0.6788007,-0.8763518125397998
spiral,1.5347422887837092,0.7873637,0.55692875,0.67710114,-0.8861430474449883
spiral,1.2772577228077553,0.83878595,0.5704564,0.6941067,-0.7617643258179557
spiral,1.7013758564674801,0.7958756,0.5588218,0.658256,-0.8864581924031114
spiral,1.4060003856769492,0.80764717,0.578156,0.6877141,-0.8102934667189627
spiral,1.6870466831678614,0.8211817,0.56360596,0.6634753,-1.0208166783843937
spiral,1.3255862803454146,0.80918795,0.5748923,0.6916361,-0.7456060938777958
spiral,1.3163722602272099,0.8100224,0.56678045,0.69160485,-0.8132138966665262
spiral,1.57339886985222,0.8348856,0.5636984,0.6902728,-0.9045796380623731
spiral,1.7368800195237042,0.7942664,0.54718304,0.66324085,-0.9697989453531364
spiral,1.3230860720487356,0.83171916,0.578256,0.6869705,-0.7955388708506487
spiral,1.2760679370923662,0.8098516,0.56522185,0.6923961,-0.7336462621706583
spiral,1.5001869103548642,0.7967405,0.5598465,0.6825768,-0.8468020368353273
spiral,1.4122175396940446,0.78263575,0.55988795,0.6669967,-0.7983617181560214
spiral,1.5132259145327467,0.8284624,0.57336307,0.684782,-0.8643102111144625
spiral,1.3519161667529722,0.80834085,0.57851285,0.6971854,-0.8021300048154971
spiral,1.608020584478726,0.7973803,0.55846,0.658839,-0.8817259193832121
spiral,1.8617939820491038,0.76848245,0.55297875,0.69057643,-1.004187844252782
spiral,1.5450507886133997,0.8050078,0.56231195,0.6791872,-0.8718791991379383
spiral,1.4889970461111104,0.81049687,0.5690743,0.6790348,-0.8320634690355525
spiral,1.3417531739978026,0.79076135,0.56515586,0.6864196,-0.8423994958069697
spiral,1.4518809931504137,0.82671934,0.5703781,0.6968819,-0.8742773647999851
spiral,1.2941356700712512,0.82370996,0.5711692,0.7015456,-0.7861010535194045
spiral,1.6030145713406805,0.77373797,0.5511954,0.67046016,-0.9001429191965328
spiral,1.8702205610079865,0.7868127,0.5492073,0.6596532,-1.0638191795661234
spiral,1.6304893317989513,0.7884258,0.55178475,0.66998136,-0.9712492646405653
spiral,1.4819992538783513,0.79205984,0.5650754,0.6744399,-0.7804263579611033
spiral,1.4835920594451177,0.8139765,0.56443566,0.69605625,-0.8951371045886567
spiral,2.055906325304162,0.78956175,0.5460543,0.66476893,-1.2506260924774302
spiral,1.5548935442150211,0.793297,0.57040596,0.67978406,-0.8788060145373366
spiral,1.6293162690900878,0.7873576,0.5556374,0.67511827,-0.9559143629588325
spiral,1.451221520137875,0.79412854,0.5561985,0.67955136,-0.8736336680120527
spiral,1.4380860904108836,0.79864013,0.5655012,0.6681681,-0.8520846970505741
spiral,1.444873596733214,0.8209142,0.5730022,0.67270714,-0.8225232965264648
spiral,1.4057540893440132,0.80946255,0.5687085,0.6910001,-0.7925340086793138
spiral,1.3729793048769752,0.78642654,0.5609554,0.6725982,-0.7875122990620126
spiral,1.5338158805653925,0.7777213,0.55698735,0.67233956,-0.8178623566279398
spiral,1.3261790704632734,0.80311465,0.5767652,0.69393086,-0.8015565485883663
spiral,1.6650169299079518,0.7947679,0.5510381,0.6707228,-0.9787971488819094
spiral,1.7327768834257755,0.76341707,0.5422616,0.6610502,-0.9958323032983594
spiral,1.3297740486065046,0.7746412,0.5659046,0.6851882,-0.7906122637318381
spiral,1.8731852566040392,0.779472,0.5408592,0.68039525,-1.0255239385020694
spiral,1.6319698711225807,0.7931755,0.55454725,0.6637377,-0.9685094459316953
spiral,1.6610381395574247,0.81923854,0.56779873,0.68584645,-0.9495942755887289
spiral,1.7629763349304985,0.7695091,0.5468851,0.64155936,-1.0043974218772644
spiral,1.673964360388368,0.7956942,0.56150377,0.68851256,-0.9202090950442922
spiral,1.9739882755052718,0.7519401,0.53581023,0.653448,-1.2436515913775228
spiral,1.4613030989602163,0.79234093,0.5616984,0.69026047,-0.8601202130572703
spiral,1.5343319332659338,0.7541823,0.5384916,0.6724696,-0.8355124755540914
spiral,1.5901246658006631,0.8041699,0.55895054,0.6661782,-0.8836347648860465
spiral,1.3059926721993296,0.80569136,0.5718368,0.6921633,-0.7529207505411556
spiral,1.4386505937410474,0.8182165,0.5692766,0.6801115,-0.795573317090581
spiral,1.3058050385198359,0.79762423,0.56255615,0.68440473,-0.7611794086478139
spiral,1.2947869265344498,0.7947181,0.5646036,0.68223107,-0.7824244134726598
spiral,1.4451691305614713,0.784844,0.56345624,0.6650241,-0.8437856678525238
spiral,1.4103294712322845,0.83322245,0.56527334,0.67876637,-0.8128722803061511
spiral,1.867668607469769,0.78631866,0.54799056,0.6896851,-1.11421287554781
spiral,1.6712968562268262,0.7839667,0.5569983,0.66311455,-0.9109680227705116
spiral,1.5475468073521492,0.78672004,0.5540842,0.66492444,-0.8382979848541733
spiral,1.8892443918211717,0.7778417,0.548751,0.6662022,-1.0993884920077692
spiral,1.5246784076414799,0.8114432,0.5648093,0.6904714,-0.9004834546726878
spiral,1.3938959533850346,0.810023,0.5740666,0.68777895,-0.8450470343044753
spiral,1.3460237816579326,0.79322004,0.561918,0.66769606,-0.7923191086057676
spiral,1.2840058016620421,0.8238375,0.5810689,0.68073183,-0.7812827509345424
spiral,1.8777202682594407,0.8077792,0.5584798,0.6780579,-1.0238959232809335
spiral,1.475049490180337,0.78344136,0.55984354,0.6660554,-0.8301075620806548
spiral,1.2704349188813493,0.8018155,0.5653937,0.6903814,-0.7326136894176406
spiral,1.4922129607269394,0.7752178,0.55247384,0.68606293,-0.828788276328594
spiral,1.9120837782610471,0.7861787,0.5614211,0.680727,-1.0902774809809717
spiral,1.4863633703925292,0.7858219,0.5574214,0.6823671,-0.820884232105369
spiral,1.9778498491942917,0.74981076,0.5220009,0.63812613,-1.1734530709997806
spiral,1.516067222435595,0.7964502,0.55905443,0.67830557,-0.8824976328340636
spiral,1.7298684872888446,0.7760069,0.5534565,0.66847867,-0.9483248430228706
spiral,1.31669654953149,0.81765,0.57921886,0.6827824,-0.7795595583812549
spiral,1.529809554601338,0.79766107,0.5624818,0.6728587,-0.8295297849129578
spiral,1.4076263468261336,0.7720389,0.5539679,0.67984104,-0.8319375452423858
spiral,2.0070010567253034,0.78466386,0.539827,0.6639402,-1.1707400990016943
spiral,2.1159849896493284,0.70985246,0.52560693,0.660867,-1.3909198468116681
spiral,1.3408586045517503,0.80029273,0.5596202,0.68747103,-0.7805797505264127
spiral,1.4427398446488793,0.81011945,0.56476307,0.68926036,-0.8389907809491285
spiral,1.4032946581097003,0.78094923,0.5539413,0.6839485,-0.8205655891293469
spiral,1.2829817654514983,0.8127249,0.5721073,0.68900985,-0.7421094680435716
spiral,1.810861364835985,0.79181033,0.5501049,0.6875763,-1.0178758289755563
spiral,1.7944943812471603,0.7783435,0.5460378,0.65967155,-1.0421137804614948
spiral,1.4009653060849452,0.80074316,0.56482655,0.6813954,-0.8396880306085205
spiral,1.3109213994018467,0.8022326,0.5747711,0.6902727,-0.756075751071822
spiral,1.4513994283106368,0.81905484,0.5683565,0.67127264,-0.8654557875301487
spiral,1.3008874493875364,0.83006454,0.56904954,0.6937767,-0.8073165114074883
spiral,1.3458737164593808,0.79924303,0.5696446,0.6815195,-0.7813711976133347
spiral,1.7944295485699566,0.7921667,0.5474452,0.6735065,-1.0745865333764848
spiral,1.5393714266234328,0.79952806,0.5667924,0.6658989,-0.8722095968722554
spiral,1.41317802872245,0.797824,0.57407117,0.6864662,-0.8091866047959043
spiral,1.3581057607475502,0.8106879,0.5683881,0.69766164,-0.80300460190586
spiral,1.2720364221766476,0.7821253,0.5565763,0.68480015,-0.7784489463769951
spiral,1.2723271261189784,0.8173456,0.56937295,0.6794293,-0.7784030494078069
spiral,1.821489315371936,0.77380186,0.5492034,0.6571553,-1.0294246398103295
spiral,1.735597307137399,0.78967804,0.5524414,0.67532414,-0.9242174531860401
spiral,1.3254657588705094,0.8098226,0.5634522,0.67287314,-0.7504338230954027
spiral,1.8410790002745567,0.76993644,0.5328997,0.6321628,-1.0941806078850544
spiral,1.7871700148137841,0.76107943,0.5437115,0.65853614,-1.0639771694923483
spiral,1.4606350993764066,0.8055658,0.5613063,0.67218626,-0.79426230285457
spiral,1.4603907149797737,0.79778165,0.5658337,0.6721711,-0.8865226409455815
spiral,1.3827412549716591,0.80841327,0.565235,0.68008304,-0.7739686302016632
spiral,1.3853966334332841,0.8334745,0.57525516,0.68615705,-0.7874014551803493
spiral,1.6436265456422763,0.7874142,0.5552769,0.675401,-0.9445361038996563
spiral,1.5894187755823004,0.80042154,0.5606329,0.6761123,-0.892041512941146
spiral,1.4288288691964943,0.8069202,0.5602728,0.684395,-0.8165656992730388
spiral,1.5392665369812761,0.7805201,0.55051214,0.66803926,-0.9119478996904683
spiral,1.7164011462915632,0.7920614,0.5569011,0.67204535,-1.0017069136487942
spiral,1.5942393657762075,0.80210567,0.5620084,0.667065,-0.9050871718570488
spiral,1.7558884503705379,0.78500134,0.5476107,0.6729032,-0.982380125037932
spiral,1.5667675073916507,0.8025952,0.5562276,0.6874284,-0.9022223961594137
spiral,1.93280551510331,0.7766312,0.5495427,0.6831691,-1.0897533967245414
spiral,1.842562637461902,0.79347175,0.55344343,0.6700939,-1.039083095715074
spiral,1.7330923935553522,0.78175646,0.55949044,0.6580763,-1.0187979265453089
spiral,1.9955012763582902,0.7771092,0.54440314,0.6903171,-1.0899112470302175
spiral,1.4613868712238889,0.83087015,0.56671387,0.675655,-0.8101387387818777
spiral,1.5015201538080785,0.79423064,0.5596858,0.65025854,-0.9207515725582806
spiral,1.322743612836195,0.840938,0.5724875,0.69199955,-0.7967091784132714
spiral,1.5181895746034293,0.8021739,0.5621113,0.6599588,-0.8622555589948273
spiral,1.4321539538750152,0.8376385,0.573315,0.6900151,-0.8018865181342613
spiral,1.4268227756706762,0.81082255,0.57033306,0.6844549,-0.8494441685994483
spiral,1.4263048377481389,0.79316473,0.55114627,0.66921973,-0.7758186388040036
spiral,1.746009939229161,0.8012433,0.5500813,0.6751908,-0.9747390059248495
spiral,1.6124717514061573,0.78606635,0.55208457,0.67611754,-0.92831842300402
spiral,1.5910056550279053,0.79174554,0.5600022,0.6834853,-0.8941016050465405
spiral,1.7938371023373543,0.7920046,0.5493855,0.66999245,-1.0886528856487698
spiral,1.3055680112133639,0.8176007,0.567979,0.693553,-0.8285636807438052
spiral,1.8740737850642097,0.76584464,0.5440767,0.6880604,-1.160348476077197
spiral,1.5958164789427993,0.77497876,0.55575365,0.6871728,-0.8786952806603436
spiral,1.643939735545807,0.80394757,0.5578247,0.6763941,-0.9079127046371525
spiral,1.2922117283541779,0.8281975,0.5707982,0.68823445,-0.7779729321582525
spiral,1.741573350145419,0.7808955,0.54117745,0.65438926,-0.9563929364579153
spiral,1.4838716418732447,0.7890794,0.55795556,0.6661701,-0.8290200736051531
spiral,1.4163715987313137,0.81748956,0.5698563,0.67342615,-0.8586851885123248
spiral,1.4272775397228883,0.80585545,0.55762994,0.68055534,-0.8403233372943961
spiral,1.5417281695132874,0.81052893,0.5622623,0.67798847,-0.8655553456077582
spiral,1.3108356940889643,0.8092605,0.5710746,0.68894815,-0.8086943358316122
spiral,1.7002653839173076,0.8209364,0.5522968,0.6631736,-0.9360561529410373
spiral,1.444760119951032,0.79885304,0.5573145,0.6723025,-0.8393981377058493
spiral,1.5442259998483183,0.7854502,0.56085443,0.68775266,-0.8021514309815592
spiral,1.239782423306996,0.8320341,0.5761544,0.6862574,-0.7827758105331545
spiral,1.483463826718474,0.8132239,0.5620243,0.6776868,-0.86417008625668
spiral,1.5451640641379616,0.8058654,0.5541749,0.6608633,-0.841976833709897
spiral,1.7189544333173905,0.79546446,0.56328386,0.6885582,-1.0101345862122755
spiral,1.987261571624994,0.73408884,0.51839197,0.6312574,-1.2927626799015919
spiral,1.5161755039194498,0.8011664,0.55503255,0.6888089,-0.8557073526205857
spiral,1.26939097827118,0.82166237,0.5755749,0.7010652,-0.7701007215614827
spiral,1.6459036095526711,0.77967894,0.5503881,0.6417705,-0.9370113460053235
spiral,1.4396623054312334,0.7921484,0.56969684,0.69690585,-0.8319426345682202
spiral,2.076236119538625,0.7166818,0.4999611,0.6201107,-1.31907619188298
spiral,1.3038241131504613,0.7987093,0.56912243,0.6935499,-0.7783548697734249
spiral,1.8298856430741381,0.76022404,0.5391763,0.6561411,-1.019592779745929
spiral,1.3583773286035812,0.8083805,0.56077594,0.6777009,-0.7783725161008969
spiral,1.4810337391919723,0.7892505,0.5500617,0.6782417,-0.810103360353432
spiral,1.3911548301086454,0.8002313,0.56834114,0.6784655,-0.8277302596858512
spiral,1.5171920753799653,0.81692123,0.57543457,0.6934222,-0.8783123377537023
spiral,1.5763870909151083,0.7794309,0.5440871,0.6877006,-0.8722883986512342
spiral,1.293298328997429,0.80983293,0.56663895,0.69296396,-0.813464978168136
spiral,1.7480988606423828,0.8193559,0.5559346,0.6790583,-1.0185019436725893
spiral,1.8669636494782522,0.76563334,0.5474569,0.6482903,-1.0519155558114344
spiral,1.569345931044781,0.8186705,0.5701291,0.67590916,-0.9098315253518745
spiral,1.627933024985739,0.7898799,0.5476701,0.6576679,-0.9651510262940836
spiral,1.3841859444071092,0.814859,0.5646041,0.6940279,-0.810706892968521
spiral,1.7278358977182375,0.786383,0.55282533,0.66607374,-1.0130048703130023
spiral,1.448237840000273,0.8046873,0.5602212,0.6730614,-0.8051750251323425
spiral,1.63028276283125,0.79414505,0.5559893,0.6722076,-0.8382725385494304
spiral,1.279701559855987,0.79133326,0.5656443,0.6894535,-0.7803551670816623
spiral,1.5672355699545646,0.7765575,0.55769014,0.65506184,-0.8732547716281576
spiral,1.500724869426186,0.80455035,0.5643285,0.69048727,-0.8789308378869479
spiral,1.4929589231003386,0.8103839,0.5566909,0.6767376,-0.819782946355483
spiral,1.3426792436203674,0.8136098,0.56557095,0.69508284,-0.8392758140192121
spiral,1.3172112032911956,0.83148986,0.5732432,0.69668496,-0.7469298735637578
spiral,1.6100101059765313,0.79609287,0.55835366,0.6700573,-0.8971305674932367
spiral,1.3830597119606167,0.80139524,0.5629158,0.68873405,-0.8613089028747829
spiral,1.5527251017481611,0.79371405,0.560843,0.68004394,-0.9434387308955621
spiral,1.7081659855726334,0.7825337,0.5632132,0.68921053,-1.0061054935901022
spiral,1.6230630641796435,0.7957137,0.5539956,0.68822205,-0.9375432657608448
spiral,1.3924837929198894,0.8126478,0.57355034,0.68849516,-0.8186365300786133
spiral,1.3639822148510086,0.8163983,0.5877562,0.69568837,-0.761517867708182
spiral,1.392755499146483,0.7793138,0.5594059,0.6889609,-0.85349101027881
spiral,1.4726620501114283,0.8146988,0.5777944,0.69581145,-0.828868556060829
spiral,1.5678515700913982,0.81676906,0.5727359,0.689726,-0.8717845883838998
spiral,1.2139361777403581,0.8271778,0.5792833,0.69523954,-0.7716314880140135
spiral,1.5437493978799197,0.77764237,0.5575248,0.66397023,-0.8883347567173245
spiral,1.3004604174586476,0.80308187,0.5658161,0.67136085,-0.8003179008748712
spiral,1.8020232619542609,0.7767833,0.54966354,0.6359419,-1.0681902354683916
spiral,1.3529315808928182,0.80897266,0.56569636,0.6774266,-0.7831318032822275
spiral,1.543117297546597,0.8003493,0.56510097,0.6602151,-0.8169563324186945
spiral,1.3422660010608283,0.80779797,0.56485146,0.696164,-0.8123529153372595
spiral,1.3065225847608946,0.8034465,0.5662993,0.68813163,-0.7851601114415575
spiral,1.5244938711317322,0.8089942,0.57084155,0.6812657,-0.8605261012470194
spiral,1.5081323244853233,0.8108729,0.5586177,0.65072954,-0.8564642548310417
spiral,1.4575988070617087,0.81158495,0.57574415,0.674505,-0.8420041876747029
spiral,1.6191760889410431,0.7936018,0.55267966,0.65933394,-0.9796447910857391
spiral,1.3411852841087502,0.82642627,0.5782675,0.6972841,-0.7540364372148911
spiral,1.9193011543009493,0.7589786,0.5426553,0.6717973,-1.0721504625086862
spiral,1.5980727128046814,0.79298747,0.5573558,0.6669188,-0.8807021488059649
spiral,1.6698158836975416,0.7951272,0.55381685,0.66583073,-0.9368738678021478
spiral,1.536212987845373,0.8155452,0.56493866,0.687212,-0.8687236051191273
spiral,1.5472223192875951,0.8087561,0.5597532,0.6715027,-0.8536355500428223
spiral,1.38267861592249,0.78749526,0.55970836,0.68946123,-0.8166463960473864
spiral,1.5243787700932507,0.8240141,0.55854404,0.69387007,-0.8945652958915626
spiral,1.4133791714458257,0.79459405,0.5629911,0.67791927,-0.8204257950254733
spiral,1.5660955838624373,0.7954871,0.5510467,0.69783753,-0.9070196667410964
spiral,1.3561633065062821,0.84419084,0.57012135,0.6826775,-0.7467906929791323
spiral,1.8792823103219698,0.7686048,0.54282945,0.64577293,-1.0664922568549873
spiral,1.4583589314142142,0.7897032,0.56226367,0.6847923,-0.8498043055120258
spiral,1.3055804050142683,0.8345188,0.5691176,0.6735549,-0.7851714355874814
spiral,1.3164770302563091,0.8233226,0.5776435,0.6964793,-0.7779471716599822
spiral,1.866995870960966,0.76469177,0.5295744,0.67230916,-1.0898109407360166
spiral,1.5235418881607186,0.78186727,0.56115234,0.6707591,-0.8881374966008183
spiral,2.0614230560162805,0.78022265,0.536646,0.6695631,-1.1898050855338331
spiral,1.3860987689873578,0.8165976,0.572759,0.68763256,-0.7859969480127955
spiral,1.7856139275301182,0.757583,0.5442263,0.66127676,-0.9954449345553831
spiral,1.5976463078500436,0.82832557,0.57066965,0.66408044,-0.8261412914715401
spiral,1.6730955409962924,0.7844578,0.5488865,0.6670003,-0.9069182483686554
spiral,1.5663086513489934,0.79514474,0.55581677,0.7012385,-0.8933016952418612
spiral,1.4382159887155577,0.7851401,0.55731416,0.6831988,-0.7515215433362782
spiral,1.6070632319946774,0.79042315,0.5604438,0.6559354,-0.8761894175070721
spiral,1.6247881076422968,0.796471,0.5609375,0.68970317,-0.8974985757291389
spiral,1.388118339789709,0.7945069,0.5620485,0.6754651,-0.7915118958365325
spiral,1.652956234606978,0.8030396,0.56442654,0.678335,-0.9127018252793865
spiral,1.869523826278224,0.76210815,0.5456139,0.6650249,-1.1271503016388853
spiral,1.805100340695056,0.7690383,0.5338789,0.6480143,-1.055999968972307
spiral,1.5791451889862527,0.8207935,0.57118464,0.7090939,-0.8752829398218795
spiral,1.76222846786701,0.80537677,0.551068,0.6782229,-1.0013024351587207
spiral,2.073823366494806,0.74346304,0.520211,0.64554554,-1.2848530087916743
spiral,1.3775216768836627,0.81445676,0.57077426,0.6837674,-0.8134483788809187
spiral,1.4334776346413267,0.7982733,0.565441,0.67415524,-0.8115303685408976
spiral,1.4762156416096675,0.7740277,0.55853325,0.6799642,-0.8380451873445722
spiral,1.3638636719286024,0.8333226,0.5791242,0.68724144,-0.8054724238864266
spiral,1.694841080089101,0.7928858,0.55323946,0.66259086,-0.9356482854383212
spiral,1.3837736303172417,0.81375074,0.5651143,0.68367624,-0.8229692884192511
spiral,1.6032864961240652,0.80460966,0.5690328,0.69166607,-0.961807210605764
spiral,1.429204631920995,0.8046104,0.55948997,0.67879266,-0.8249680897977948
spiral,1.4585063381709176,0.79977876,0.5603856,0.66961217,-0.8413175874836037
spiral,1.5774278037026135,0.7958406,0.56062317,0.66525596,-0.9073464511888464
spiral,1.7328172391477041,0.7912371,0.5588379,0.70462227,-1.057921696357107
spiral,1.237276708861657,0.7878397,0.5636384,0.69740856,-0.7769803168501612
spiral,1.3532474436608166,0.8198374,0.5794012,0.6815387,-0.796616816007065
spiral,1.2368425426059744,0.8180508,0.5798324,0.69211876,-0.7556048378901447
spiral,1.3353365636024406,0.8173717,0.5650505,0.6862308,-0.7778988633903153
spiral,1.6847893990273222,0.78772646,0.55576736,0.65420747,-0.9542610417890632
spiral,1.3315167683820073,0.8242931,0.5722519,0.70196986,-0.7720696625951949
spiral,1.270781355505771,0.7924424,0.5704543,0.67166555,-0.8316901862562405
spiral,1.1948476165875224,0.806818,0.5740697,0.70318377,-0.7352678845818683
spiral,1.8352884128198639,0.78337824,0.5467839,0.6629553,-1.136082570582792
spiral,1.4140685751887343,0.7951968,0.5527471,0.6747905,-0.8091015024099097
spiral,1.3764007618533318,0.8201411,0.571658,0.69812477,-0.8495841628080589
spiral,1.3523329785562468,0.82045937,0.5659067,0.6742357,-0.7554516323654916
spiral,1.7671401077940385,0.7948555,0.55186987,0.65099144,-0.9896791399253767
spiral,1.4826526694588495,0.79657316,0.5584459,0.6869271,-0.8262839783177977
spiral,1.3045587499786457,0.83670527,0.57968086,0.6943393,-0.7915189284262588
spiral,1.4719510012525934,0.8131998,0.5676922,0.69059956,-0.793084449180463
spiral,1.5959013868987202,0.7746744,0.56344104,0.68335783,-0.8827683610799194
spiral,1.3866974389601827,0.8187531,0.5804944,0.6925942,-0.854886037910685
spiral,1.8256528613883158,0.77574295,0.5482868,0.65324926,-1.0827892542351012
spiral,1.403259888192626,0.80857307,0.5650437,0.69089854,-0.8481615719290215
spiral,1.3577161237449509,0.8103372,0.5676809,0.6849524,-0.8041565289635688
spiral,1.5634695685135334,0.7943039,0.5668267,0.66531885,-0.8596011814428768
spiral,1.4062815018188246,0.8054636,0.56611645,0.68994176,-0.8297715947940452
spiral,1.247781188107909,0.8073416,0.571559,0.71033645,-0.7932843471346328
spiral,1.8980046471452097,0.7761127,0.526803,0.64950836,-1.1556672149510956
spiral,1.5032098752602232,0.79659814,0.56270313,0.67851126,-0.8512757075908854
spiral,1.4095928261154698,0.81192714,0.56233436,0.6903032,-0.825117701656847
spiral,1.3589317950679485,0.8160332,0.5660874,0.6956068,-0.787971346812842
spiral,1.8988664553233972,0.7819572,0.5463257,0.6781878,-1.0242733575136371
spiral,1.7619258129812696,0.80486923,0.55052775,0.6787294,-1.015681270231498
spiral,1.4775411694347305,0.80320483,0.56046486,0.6770928,-0.8279035653096577
spiral,1.895181877582767,0.77063006,0.55288404,0.67994714,-1.0607344408244341
spiral,1.65832970294403,0.7843354,0.5477099,0.6462629,-0.9463627711141052
spiral,1.3787116934787378,0.78526914,0.55601025,0.67821574,-0.7802655343150586
spiral,1.2739357608862538,0.82719076,0.5739342,0.69943964,-0.7972711313659965
spiral,1.7792998041624712,0.7755745,0.54778063,0.64325476,-0.9844022692411918
spiral,1.5029536370810073,0.8138111,0.56952983,0.68438584,-0.808822971291631
spiral,1.3415074483610412,0.81698114,0.5698216,0.6971401,-0.7893278319965121
spiral,1.5116463656184422,0.805242,0.5606138,0.68551946,-0.9122320970922216
spiral,1.2953380488812838,0.8260727,0.5764778,0.69691443,-0.7853075761358291
spiral,1.7111051596167939,0.7852019,0.5578294,0.6748338,-0.9694237151550585
spiral,1.7387326920821207,0.766574,0.5322499,0.6552325,-0.9986174730539973
spiral,1.6203163544714756,0.8116972,0.56251955,0.6622342,-0.8809454950995583
spiral,1.2469605179873795,0.83286774,0.5816183,0.69007653,-0.7400870588170331
spiral,2.0413579160728785,0.77108747,0.53238124,0.6621319,-1.1804115169073175
spiral,1.514194122183659,0.7903083,0.5633529,0.68309045,-0.857689707320115
spiral,1.396900840127894,0.80331475,0.5750198,0.67773044,-0.8191331815471118
spiral,1.8946328456442987,0.7868276,0.5511399,0.6727481,-1.116294760438508
spiral,1.7044124035678192,0.77863145,0.54249996,0.6468462,-0.9624333190182436
spiral,1.4898054453171534,0.80545145,0.568434,0.6708457,-0.8324750025761338
spiral,1.885082500624209,0.79223746,0.5464689,0.6413778,-1.1115453968946014
spiral,2.1068235952453813,0.74116755,0.52114147,0.65151155,-1.3049281142563418
spiral,1.6284515383618248,0.7910147,0.56198454,0.680496,-0.9711152864238859
spiral,1.5063139916029882,0.82245576,0.5653521,0.68785995,-0.8437487335781123
spiral,1.5384017518905333,0.80871737,0.56620973,0.6886687,-0.9481947214750526
spiral,1.5414438777978257,0.81991196,0.5682887,0.69468975,-0.901190632139281
spiral,1.2810376093497313,0.8194939,0.56255704,0.69506776,-0.8096162758325361
spiral,1.2968268482389305,0.81262386,0.56584597,0.6948733,-0.7473357399323107
spiral,1.4054301722989968,0.8428748,0.57334703,0.66943836,-0.8452487374451576
spiral,1.407804784091232,0.791899,0.57255113,0.68880117,-0.828250763003511
spiral,1.314916181717628,0.83034927,0.578686,0.6912296,-0.7344579273872553
spiral,1.7262917467036243,0.7823412,0.5508183,0.6769742,-0.9975012362969412
spiral,1.3408842444935156,0.80396074,0.573692,0.696812,-0.7777070637494444
spiral,1.3741927709182247,0.8110886,0.57266736,0.69070756,-0.790513891005365
spiral,1.70273994108147,0.776686,0.543329,0.6630759,-0.8970618223163193
spiral,1.4179872686364556,0.79277134,0.564,0.6889105,-0.8231614196978342
spiral,1.8391682760792805,0.77425754,0.54573876,0.66299295,-1.0257076754087968
spiral,1.409297611106905,0.8082835,0.56886977,0.66858923,-0.842036272101146
spiral,1.2884091461205416,0.8365613,0.57301986,0.6824798,-0.754461711553235
spiral,1.3566885128455473,0.79224426,0.57352453,0.6999719,-0.8201369198738473
spiral,1.3224972252267089,0.8300732,0.5788887,0.69642824,-0.7625137498945892
spiral,1.3752159382312765,0.82561207,0.5739229,0.67789894,-0.8264444846398982
spiral,1.2477972447795482,0.8338951,0.5734389,0.707531,-0.8011063014291213
spiral,1.7600021560596255,0.79739356,0.5608481,0.70295537,-0.9243815426242616
spiral,1.4235646932434118,0.79723686,0.5603562,0.68983155,-0.8657263971093874
spiral,1.4317908108353439,0.8196624,0.5777425,0.66736126,-0.7918043644389466
merger,1.191006007466357,0.82041043,0.5726563,0.69435334,-0.7236973350852821
merger,2.7325028503908126,0.65032536,0.3683668,0.7824443,-2.065044516036924
merger,2.5005405711337687,0.7993379,0.53743625,0.69099975,-1.5991695149555691
merger,1.9619562091721852,0.79007924,0.53706026,0.67153203,-1.212020138189826
merger,1.659384340712383,0.43361482,0.17662191,0.72505844,-1.1846083762315271
merger,2.7243488205404147,1.1505786,0.79379505,0.70619404,-1.8479536029981847
merger,2.2223502643537105,0.74502987,0.53383297,0.68837833,-1.4531023291619718
merger,1.6279549446627415,0.3991638,0.22326882,0.70478404,-1.1549754242961907
merger,1.9565727991127704,0.7983601,0.55429906,0.6702403,-1.1205841133691719
merger,1.8169835865354669,0.82421005,0.5496389,0.68853164,-1.0787294762019424
merger,3.054584609761358,1.0728906,0.75731146,0.7188854,-2.182815600531697
merger,1.6796713645951225,0.78717226,0.56003296,0.67959225,-0.9346770414092822
merger,3.061911093753587,0.7352956,0.5316689,0.7188773,-2.1735333011282862
merger,1.5954554125648726,0.83268446,0.57568216,0.6999568,-0.8786062751307024
merger,1.8546763956050036,0.5080651,0.3371453,0.7054892,-1.3292772880635257
merger,1.727076810482022,0.8198129,0.54479367,0.67546403,-1.0514600356624473
merger,2.38182536081619,0.82432044,0.5221514,0.70216817,-1.5659686148083483
merger,2.346841527246771,0.52237546,0.33000654,0.7306299,-1.8602623977808448
merger,2.063723589479501,0.8625004,0.54773027,0.69127935,-1.4071588912429303
merger,1.4027749888675123,0.81557494,0.5624436,0.687604,-0.8641289864165737
merger,2.4048642530121564,1.2255098,0.79393274,0.6967807,-1.5680254736288266
merger,2.398296322428039,0.8009195,0.53743285,0.6924214,-1.5608795851410886
merger,1.8605447387345921,0.49932867,0.3039373,0.71666944,-1.3291446652837569
merger,2.597494207609268,0.75985676,0.5218057,0.69701076,-1.6908724933558092
merger,1.2650889344786334,0.82394916,0.5793833,0.697988,-0.7822987167875844
merger,2.1759162272088233,0.49445066,0.22360502,0.77087796,-1.842381256387366
merger,1.9786782087685209,1.2376328,0.83444387,0.6638092,-1.3227884492042568
merger,2.1092009854507396,0.61954504,0.3926271,0.71890783,-1.4356123977337167
merger,2.3770010036426434,0.7663645,0.51538795,0.6690631,-1.564824367714624
merger,2.173088071668449,0.83009267,0.53853697,0.68198663,-1.3439911165467808
merger,1.8617951626816964,0.8053423,0.55295146,0.6877501,-1.0171140082002443
merger,1.3802846229127304,0.8175479,0.5717857,0.7020263,-0.8877764348933843
merger,1.8501212879361129,0.8018455,0.54099196,0.6861806,-1.0127304207481724
merger,1.6621049344519812,0.80218977,0.556732,0.68408906,-0.958485201728363
merger,1.370938316956027,0.8442772,0.5711056,0.69159126,-0.8214391005817865
merger,1.9516368243356501,0.49491963,0.28145102,0.7554548,-1.4241830249598277
merger,1.4056520289815155,0.85463595,0.5799816,0.7064122,-0.8099207740387881
merger,3.1417075327578328,1.0445071,0.68282527,0.72850955,-2.1159531263711564
merger,2.098908791053301,0.5756739,0.2919987,0.7351304,-1.5623796097626186
merger,2.3091045435636732,0.755927,0.53665584,0.68816507,-1.5131589165755406
merger,1.879140908569715,0.7976678,0.5483174,0.6821221,-0.974832651056252
merger,1.5760621537723016,0.8021537,0.55995643,0.70348144,-0.9242971518728323
merger,1.677448259694922,0.8205064,0.5500278,0.6883707,-0.9534589351478681
merger,1.8676125955656995,0.8023923,0.5543183,0.68611896,-1.071374862658733
merger,1.8880463654975788,0.80141914,0.546769,0.6874444,-1.027948199286375
merger,2.5386553586167793,0.80182964,0.5355419,0.70642763,-1.6789775974224581
merger,2.4918912464153067,0.6440505,0.4104551,0.7439856,-1.835211053827283
merger,1.5217246005617948,0.82970434,0.5626424,0.68840533,-0.8216581351609588
merger,2.6517520088536397,0.7450126,0.5232065,0.6989969,-1.8252050638625106
merger,2.37055029269679,0.71433693,0.4059813,0.74558717,-1.685920319356235
merger,2.22616806677516,0.8564144,0.5464678,0.6972567,-1.408446861532529
merger,1.66670674597046,0.8341938,0.56070524,0.6783056,-1.0109112609495803
merger,2.406741807618733,0.7998322,0.53125226,0.68933505,-1.575075196114281
merger,1.796986015265598,0.3495261,0.22483727,0.7399044,-1.2882908437657934
merger,2.3035009295960913,0.7435411,0.54229873,0.677591,-1.3321652388722538
merger,1.8686636494568054,0.5498853,0.29641318,0.72510606,-1.23648961870853
merger,2.228874814514983,0.8246911,0.5427953,0.67669547,-1.4295815018610731
merger,1.66015325655559,0.5132192,0.34179842,0.68725884,-1.1565295124913701
merger,2.017080359552791,0.5189945,0.35361746,0.7126283,-1.3721497118823192
merger,2.3395377903626855,1.0284357,0.66660005,0.6830601,-1.5254104423082957
merger,2.096156165274026,0.8381279,0.54169786,0.68490744,-1.4616663409227946
merger,1.4418872221192591,0.8049156,0.56603116,0.6908771,-0.8853627902923449
merger,1.9023879196521363,0.8789875,0.44387344,0.7009017,-1.335892992161734
merger,1.3084802949261385,0.8149414,0.56039745,0.6933497,-0.7729301892974539
merger,1.9128602562086703,0.41125828,0.26135367,0.7202657,-1.374404735846408
merger,1.5145654297166908,0.5070214,0.19427265,0.6979914,-1.0906610914216353
merger,1.6371408593179229,0.80902964,0.5581063,0.69648415,-0.9903161146828793
merger,2.870272178901253,1.0647341,0.70304793,0.7211749,-1.7405075643499583
merger,1.7211932028466617,0.5236144,0.36517507,0.68689543,-1.2098375152171894
merger,2.4084132493711823,1.0974451,0.7307446,0.69346225,-1.5742789326841733
merger,2.907832664568526,1.0672376,0.7238541,0.7149086,-1.7649281906796848
merger,2.2718409081881896,0.77571636,0.5480414,0.69346154,-1.5463071299074522
merger,1.3773160677087148,0.8102605,0.5615441,0.6797694,-0.7850468005938537
merger,1.7556535322966973,0.555804,0.25051782,0.72766674,-1.2553101245711702
merger,1.8749950153506396,0.5118423,0.2680142,0.75099736,-1.3569458999576396
merger,1.6396252766309125,0.8190786,0.56592816,0.6993913,-0.9948444474230783
merger,2.7115495045587994,0.764097,0.50092834,0.6903367,-1.8575754055753237
merger,2.1878211606564677,0.7580905,0.5391272,0.68198276,-1.444177317670957
merger,1.9746060761708724,0.8146361,0.5573805,0.6763472,-1.2600418919886645
merger,2.0982545132284343,0.79792374,0.547867,0.69736326,-1.1645751253198873
merger,2.044626625279597,0.64275455,0.36369646,0.7410754,-1.391696504451631
merger,2.2626197324637207,0.7584389,0.5170745,0.7335263,-1.462342807001748
merger,2.7638453142971064,0.7467531,0.5233667,0.69948137,-1.9236831155262073
merger,2.0636814036345523,0.8069568,0.53772455,0.6858233,-1.3096194975540387
merger,1.7389163624833883,0.8025981,0.5492597,0.6732091,-1.0587804400120842
merger,1.989840529128881,0.4201532,0.19238552,0.7558502,-1.5896557465163779
merger,1.9181823758773107,0.75620955,0.53807265,0.68294156,-1.1948545615349784
merger,2.1913160420174362,1.2533332,0.8088569,0.68448234,-1.4238974624023115
merger,2.8271506246051388,0.72406864,0.48853293,0.7637925,-2.0211253872818995
merger,1.469519020078083,0.8090809,0.56028605,0.69908863,-0.8625651442351784
merger,2.496257976488156,0.5439879,0.37700942,0.7370645,-1.925399662841101
merger,1.6612225821549824,0.5329702,0.26163766,0.69426715,-1.1921537205435861
merger,2.015671794439498,0.80398655,0.555329,0.6786325,-1.1980143610966427
merger,2.317058541556722,0.6728383,0.45422578,0.74093944,-1.5048190785711302
merger,2.1597273278346147,0.75630957,0.54002964,0.6870534,-1.5406337094368023
merger,2.161507445758663,1.0136395,0.6765015,0.6916754,-1.345431986899829
merger,1.9697929866227097,0.82263994,0.5427606,0.67785144,-1.1599512088477337
merger,1.806257605338244,0.8143418,0.5478442,0.6727148,-1.007568820503861
merger,2.5674334349281085,0.8229029,0.49957752,0.7443876,-1.8120916914001481
merger,2.909367531639007,1.1167195,0.7367615,0.705964,-1.8839424325642768
merger,1.8572857282518132,0.6016479,0.31772196,0.69938433,-1.296816126917743
merger,1.2030562447279032,0.8073683,0.56305766,0.7026985,-0.7087220737942528
merger,2.369286190523034,0.7387258,0.5359743,0.68593395,-1.6013320752413962
merger,1.5492563176108767,0.7988498,0.5633343,0.69339037,-0.9310082622885709
merger,2.082781757944196,0.4714163,0.25993294,0.73875576,-1.6469277660962478
merger,2.0369477404001533,0.80027324,0.5266113,0.6737089,-1.3044714785670641
merger,1.5158432786384357,0.8018013,0.5675651,0.6898396,-0.9177213155755739
merger,1.5988848168106742,0.83085084,0.56246006,0.69301164,-0.9036939316276477
merger,2.236814300172098,0.55957115,0.32378268,0.73847616,-1.6525832224730839
merger,1.7234183866200883,0.77618474,0.5462443,0.67963743,-0.9926646901682482
merger,1.799452528573844,0.8042861,0.5496662,0.6809608,-1.0633761516738427
merger,2.4003461306599587,1.2923019,0.8100367,0.6936122,-1.5949790304377414
merger,1.566135762820029,0.8110924,0.5587604,0.6833959,-0.8825792420834108
merger,2.470868083136295,0.76568687,0.5279755,0.6892199,-1.6224811606119245
merger,1.992953403540532,0.66250056,0.3829268,0.70259285,-1.372472384431928
merger,1.4308167130619487,0.82417756,0.5591711,0.68043685,-0.8035387277713365
merger,2.090243678835241,1.3464953,0.83941114,0.69162035,-1.3580281678964015
merger,1.8253909210108978,0.8205422,0.55408585,0.67602754,-0.9948904443973973
merger,1.7801806908190216,0.79886043,0.5560505,0.6974807,-1.0056118003583978
merger,1.5083648599326127,0.8285446,0.56897134,0.70055765,-0.8621888157545766
merger,2.43141305498042,0.7580714,0.54476565,0.69618535,-1.5932273228196174
merger,2.1068684194341607,0.51902634,0.33603093,0.74593437,-1.450165485805671
merger,2.259496762145912,0.8033822,0.5415666,0.6972161,-1.2926143934402505
merger,2.259482728154685,0.3821556,0.26262015,0.76503557,-1.8649373179448108
merger,1.9890548441778564,0.81248474,0.54216176,0.6778246,-1.1259116538230993
merger,2.343361637287202,0.7706755,0.5354806,0.68913746,-1.4786909335272578
merger,1.9320962162501611,0.7925771,0.5519035,0.6872567,-1.0826228795057904
merger,2.0538607244465963,0.7880503,0.54260826,0.6741054,-1.3375518089429923
merger,2.492119542363837,0.766048,0.5156625,0.69865584,-1.646372485280567
merger,2.0832515687931634,0.44684404,0.2859598,0.7241626,-1.6300881493852324
merger,1.828398158687405,0.82382405,0.5513783,0.68221855,-1.138464480442944
merger,1.2741997974350756,0.80562675,0.57129824,0.69821316,-0.8634233438640051
merger,1.3194332341305695,0.82905793,0.57079643,0.69831705,-0.8052050226911778
merger,2.402097836349034,0.7881837,0.53440756,0.696898,-1.4825044331700077
merger,1.2911106635668033,0.81100404,0.5655696,0.69607913,-0.8065434331190648
merger,3.077357166120234,1.0234088,0.6864393,0.7100735,-2.137652554392166
merger,2.0344498175125207,0.8362911,0.5553589,0.69153464,-1.3250321115464827
merger,1.814615464922678,0.83115894,0.5593804,0.69216454,-1.1830717155452397
merger,1.494221857280085,0.8303859,0.574987,0.6949152,-0.7931413120627768
merger,2.0675844981770823,0.42409262,0.27227473,0.7622178,-1.5341833181009177
merger,2.1678875842841925,0.3855369,0.24229954,0.76691544,-1.7280839965317736
merger,1.977939393739192,0.7996876,0.54619163,0.6818037,-1.1270253068368197
merger,1.675592720600121,0.4682508,0.2606613,0.69660187,-1.1788353545639079
merger,1.829381078042819,0.7801403,0.5420024,0.68003106,-1.0172965841238513
merger,1.860945247443304,0.8203581,0.54961133,0.6903119,-1.1797031199687134
merger,1.9926357471100231,0.8021043,0.5506017,0.7002444,-1.145383413129567
merger,2.0928303165393034,0.8074191,0.55439067,0.69856256,-1.2883835259781171
merger,2.922935440683838,0.7759112,0.535714,0.7124308,-2.141248904714513
merger,2.0830000868709813,0.56942135,0.3880648,0.71600485,-1.4635752560071074
merger,2.405658351502389,0.94940245,0.6957301,0.69929934,-1.4989067616890372
merger,2.1778690031855277,0.82620585,0.55468655,0.6997,-1.2325600260596083
merger,2.0599723902989124,0.38929605,0.22379176,0.77083635,-1.674648520407394
merger,1.7094716925817215,0.8129708,0.54794997,0.6910729,-0.9375099493323148
merger,2.608074106581206,0.7812368,0.5199921,0.6978276,-1.8501950059253294
merger,2.022488224349357,0.7845465,0.5414835,0.6775106,-1.2695302067373895
merger,1.830081449223992,0.8066957,0.5497271,0.68469644,-1.0721669719686642
merger,1.3620629439093654,0.815857,0.56526786,0.69604474,-0.8495660674863501
merger,2.0847501429001465,0.2774853,0.17542627,0.7830199,-1.8220031148950606
merger,1.8935220400096908,0.6917163,0.33248475,0.7243508,-1.3337260816641683
merger,1.7562486726132778,0.79353744,0.5653127,0.6868049,-1.0730335197369474
merger,2.3343141310468543,0.57439953,0.38446647,0.7447839,-1.746307577512536
merger,2.4545280817700283,1.0161747,0.6817197,0.68675613,-1.509433550433612
merger,1.983126610906745,0.8022198,0.5418615,0.6784215,-1.0944763478909003
merger,2.183971255431821,0.77208346,0.53298575,0.68536544,-1.4003518008963887
merger,1.73998758497709,0.8051856,0.5498695,0.68566096,-0.9634513898770125
merger,2.928659747068487,1.1832845,0.77715284,0.7247309,-1.9829525594870152
merger,2.3943217389004396,0.4175688,0.26993993,0.8051172,-1.9949332899272754
merger,2.3668755525091196,0.78751653,0.530399,0.6955967,-1.542294379631806
merger,2.241520677234357,1.1835825,0.7413525,0.6726217,-1.494894494402957
merger,1.9860976881977723,0.8433796,0.53619504,0.6830051,-1.2610118683387395
merger,1.6226237997314121,0.83665025,0.56708425,0.6860284,-0.9339637747163343
merger,1.8189939484858022,0.7833572,0.2141991,0.71805274,-1.4920698173827902
merger,1.9594545841079043,0.8087724,0.558022,0.6910672,-1.1747466174944137
merger,2.3010055708077926,0.5196096,0.282474,0.7614982,-1.8611660020341652
merger,1.5627627803351583,0.8182527,0.56727374,0.68277293,-0.8682686769033574
merger,2.326457290575051,0.7822361,0.4624077,0.7361896,-1.528821608949847
merger,2.7787525406322704,0.71733755,0.50134444,0.70098364,-2.1244156738673667
merger,1.3229499684811241,0.8276582,0.57643694,0.68812776,-0.8060717316955782
merger,1.6331886261201742,0.8466859,0.5672305,0.697114,-0.8817199063579504
merger,2.0629103242427944,0.80766225,0.5423481,0.68915963,-1.1870963867508342
merger,1.868261923370206,0.78533125,0.54664284,0.68324566,-1.116551368333547
merger,2.2581318599323605,0.80051047,0.54503816,0.70041656,-1.3869755802299883
merger,2.353849912181808,0.7712574,0.52963394,0.6886866,-1.491395146248127
merger,2.1300123074900332,0.50465083,0.2867664,0.7347735,-1.6437894843498897
merger,1.692938249410271,0.43806013,0.21190801,0.6790843,-1.2328154768304072
merger,2.2711445807320634,1.1670827,0.6988024,0.6746917,-1.5591615101208376
merger,2.2124541937122486,1.1893215,0.7288064,0.693725,-1.3910204918292672
merger,2.207232461349205,0.76441103,0.54250264,0.6914784,-1.3416988510344314
merger,2.0080568773899747,1.2828209,0.82757574,0.663745,-1.330884312952064
merger,1.9330667544881202,0.3953749,0.2704085,0.72956026,-1.4086817994770253
merger,1.7926515585328513,0.5614418,0.23833112,0.73946315,-1.281478197454757
merger,2.6982772087112767,0.79999536,0.516432,0.70084,-1.8502194444989342
merger,2.323240217769626,0.5327317,0.32837737,0.76591706,-1.7179460134534856
merger,2.111668502973829,0.44224045,0.23290649,0.8170204,-1.8291236611035684
merger,1.3575572619837037,0.7990266,0.5635876,0.69970506,-0.8211114583873462
merger,1.2328095487571495,0.81451136,0.5722179,0.6975783,-0.7321893201124507
merger,2.3334736880994096,0.78093857,0.535517,0.6985472,-1.440623285090342
merger,2.6529191620984367,0.78783727,0.5211911,0.6918839,-1.9156813771512475
merger,2.032092976642525,0.76170135,0.5263875,0.67607063,-1.3242689794881468
merger,1.9576426728877023,0.791828,0.54673344,0.6771776,-1.098763961066276
merger,2.040673280602159,0.76295704,0.5355539,0.6752644,-1.2804294362886963
merger,2.1030050906432582,1.3120224,0.8330216,0.68942404,-1.4274564949932012
merger,1.7579493459365225,0.788443,0.5595802,0.69770396,-1.2069542914715923
merger,2.6633022781222766,0.76740277,0.53977156,0.7010833,-1.9238675207278255
merger,1.9201478044306657,0.7871593,0.5570581,0.67831486,-1.1645535953669823
merger,3.0462332820911016,1.207697,0.8135135,0.7224735,-1.9150483654987434
merger,1.8444985353454109,0.8024048,0.55343026,0.6985394,-1.1643991707864325
merger,1.3224631728569893,0.8146961,0.5675874,0.68595046,-0.7849209864004543
merger,2.0515411764721545,0.67215323,0.42685625,0.7218751,-1.3892038391382882
merger,2.2384252047403135,0.78722316,0.53534293,0.6853081,-1.2778937834402972
merger,2.5881440704898844,0.7281764,0.51481074,0.6966071,-1.768900592726539
merger,2.097116871368409,0.7556801,0.5402159,0.6790434,-1.3428702050596644
merger,1.6908280827623858,0.5541741,0.19637418,0.71769655,-1.2414764864458618
merger,1.900216919809477,0.82957315,0.54932696,0.6856958,-1.0579026538174467
merger,1.6369141625850108,0.79041296,0.55722356,0.69083196,-0.9452159278385014
merger,1.8725964357179528,0.42721486,0.21167184,0.76209164,-1.4898052948508866
merger,1.8938871996257478,0.8015809,0.55453306,0.68321645,-1.013498014155136
merger,2.4399032452757945,0.76952344,0.53004754,0.6942814,-1.5812065611492143
merger,2.610861646181392,1.142973,0.7730851,0.71055263,-1.6119373865731297
merger,2.5054450700465445,0.5093772,0.3568775,0.77985036,-1.9434070434786084
merger,2.34373287202297,0.7606453,0.531504,0.69497365,-1.4413302734944682
merger,2.4227765601475033,0.7921017,0.5500292,0.7037022,-1.696181862089802
merger,1.7656961047842077,0.82553947,0.55955637,0.6765623,-1.006357110289574
merger,1.4998948699410322,0.8241857,0.57284063,0.6824084,-0.8873309772736055
merger,2.276286549227737,0.77664644,0.53597105,0.70083857,-1.3934836865008056
merger,2.2832680967240178,0.75913876,0.54486966,0.70318353,-1.5252308324137476
merger,2.5884279970229773,1.152305,0.79644704,0.6896032,-1.6214195749939675
merger,2.025332609059581,0.7901413,0.5392605,0.68588835,-1.3340808674102795
merger,2.654227272722115,1.1261843,0.72507143,0.6923939,-1.7214569961434738
merger,1.8254984925534803,0.83091897,0.5471936,0.67267895,-1.13220629772733
merger,2.444932403254359,1.2028372,0.78499454,0.6998623,-1.5454453265661177
merger,2.248963727866747,0.44835216,0.26801023,0.7867505,-1.8081065106347534
merger,2.5010456006235193,0.7710937,0.5319747,0.69751465,-1.6925879069738252
merger,2.1067249442519103,0.79649067,0.523862,0.66616476,-1.2563508967063395
merger,1.769669326718561,0.42036402,0.28517047,0.69186205,-1.2719095706495205
merger,2.251523340823797,0.7879381,0.52883935,0.68003,-1.525566015759039
merger,2.186828273558529,0.8080304,0.5378689,0.68898344,-1.454886586621319
merger,2.6235206705892393,0.78209686,0.53449845,0.7064845,-1.8243018912200952
merger,1.7076566572575524,0.75792056,0.24633026,0.71819043,-1.168576052667783
merger,1.4644903361493402,0.8136961,0.56695205,0.6953821,-0.850718034418735
merger,1.8136330946213826,0.5298149,0.19554608,0.73227155,-1.3817435064324481
merger,2.017523645010023,0.4910626,0.26267493,0.76535016,-1.553112106989998
merger,2.777499336275735,0.77132386,0.5379037,0.70509183,-2.0176134558840477
merger,2.22724631857872,0.8013325,0.54935175,0.6880908,-1.4248330293123135
merger,1.7663027576245092,0.6576297,0.26561552,0.74238145,-1.2617676168646152
merger,2.7461637859113046,0.78717506,0.5428836,0.7047657,-2.1186608101942936
merger,2.0245681052410225,0.7994176,0.5436242,0.68751764,-1.189665330120313
merger,2.1213660156092122,0.8280635,0.5372507,0.68949866,-1.418979633642397
merger,2.6640027711737018,0.7782215,0.5375095,0.7147018,-1.9238251395938706
merger,2.3601434244343844,0.5645127,0.29638892,0.74688375,-1.8814543207895558
merger,1.560471932458938,0.82287437,0.5652984,0.6789198,-0.8961600315351301
merger,1.9028951563570726,0.8074382,0.5520439,0.68603516,-1.0888721946272215
merger,2.1942357434991986,1.184014,0.8087198,0.71304435,-1.4162490407188029
merger,2.6976546905285153,0.78820527,0.52952415,0.7085621,-2.0132996033650783
merger,1.6045759185386599,0.82434344,0.55823773,0.6803658,-0.8949830594816658
merger,1.7080608848259504,0.3849495,0.23010856,0.73172307,-1.1518828791500786
merger,1.938026290835185,0.8007983,0.56003225,0.69173276,-0.9942912381253675
merger,2.476879734650635,0.8014426,0.5194145,0.69400054,-1.676281528538684
merger,1.1732951489356584,0.7964029,0.56450355,0.69108903,-0.738485369679635
merger,2.6663285646438073,0.7919062,0.52733594,0.69629514,-2.1132859718039914
merger,1.714711600471768,0.35355243,0.16338871,0.71295244,-1.2698774265796569
merger,1.8420793473404333,0.80107164,0.5450211,0.6710135,-1.0876313514804794
merger,1.928257959069513,0.7544097,0.5206134,0.66714835,-1.2141034531207162
merger,3.149509047667344,0.8902925,0.6147412,0.7614343,-2.1746244842273845
merger,2.175088999893932,0.39618874,0.18095435,0.7682179,-1.8835804509748326
merger,2.1418803759266862,0.8123848,0.53595775,0.67746973,-1.3964748666128683
merger,2.2181701858485994,0.91970044,0.6439461,0.69314474,-1.3890024621624946
merger,2.567303944440554,0.78688896,0.53925115,0.7058872,-1.7291487277416802
merger,1.945311037742612,0.8006379,0.55151844,0.6908182,-1.0928284173410818
merger,2.0495468704221516,0.78664774,0.5246158,0.66080403,-1.2973077703398184
merger,1.7076131639482628,0.813015,0.552172,0.6848005,-0.9579487409474113
merger,2.1491893065320395,0.54544955,0.25377998,0.7592528,-1.7372326131140765
merger,2.5615647682979366,1.1390653,0.7700847,0.7001812,-1.5789807516636858
merger,1.5114651413829812,0.81030047,0.5564681,0.68947256,-0.883399992712139
merger,2.0856095835197332,0.8032038,0.5555543,0.68837464,-1.3023120326429554
merger,1.832744007746633,0.83295476,0.54784113,0.68495286,-1.1133191725871978
merger,3.0901221947871225,0.83768296,0.60338426,0.75664204,-1.9575155106013373
merger,2.413031747466537,0.47334763,0.27709523,0.7810058,-1.9729184147978172
merger,2.1354664363423437,0.9581402,0.65106755,0.6915668,-1.3264902470807036
merger,2.30438915361871,0.795411,0.55476606,0.7042849,-1.579809363261119
merger,1.3070503406886733,0.81531227,0.5765444,0.7036374,-0.7808202330977096
merger,2.0817045866623456,0.6241368,0.29918817,0.7454958,-1.5325705622582069
merger,2.129834514106605,1.1764101,0.7787608,0.6726854,-1.3764163790118307
merger,1.6999981854332273,0.4356559,0.20751584,0.7307463,-1.172348335711148
merger,1.3620740073146198,0.79791975,0.56384945,0.69734466,-0.8755149845188562
merger,1.6558686908438227,0.8218006,0.56978977,0.6853514,-0.9100693874154614
merger,3.199399216851341,1.0145198,0.7450178,0.73280275,-1.9615220607430737
merger,2.553236237486218,0.55739504,0.37804917,0.74491346,-2.01039536339473
merger,1.399461327717193,0.80285823,0.5670267,0.6811977,-0.7960370481372346
merger,2.9589791405584496,1.048918,0.6908372,0.7192396,-1.973506580923371
merger,1.7611204393939228,0.6974256,0.2595516,0.7163453,-1.344726520982437
merger,1.979229864313587,0.77919436,0.55488944,0.6968329,-1.1995485570741538
merger,2.168273420683233,0.8018704,0.55496883,0.69672126,-1.3242367899579903
merger,2.3617810811850215,0.63522035,0.44722715,0.7302775,-1.6186601526969258
merger,2.0533422923437645,0.8107924,0.5518671,0.69655645,-1.2064825693476522
merger,2.0488512100433267,0.35085925,0.20211203,0.7952353,-1.7573741775938465
merger,1.7126293557137116,0.7961398,0.5621272,0.6967029,-0.9620634940818242
merger,2.240028923012491,0.7572319,0.541867,0.70397794,-1.4258460898759284
merger,1.9119089434592316,0.3906635,0.17032939,0.7346035,-1.5262921710481283
merger,1.934650853455112,0.7799635,0.54716355,0.6847911,-1.0619834498838356
merger,2.3611852523914107,1.2460289,0.80270624,0.6902245,-1.6280021886858005
merger,2.6350855123559653,0.62387586,0.44654202,0.7575207,-1.9410963728991295
merger,2.531906771937564,0.7946868,0.5382883,0.69540036,-1.79624295410473
merger,2.3926824903521746,0.7380362,0.5249787,0.6956373,-1.5563312514636567
merger,2.293011656806507,0.78758276,0.547774,0.702801,-1.5047124243772536
merger,2.5226464855851822,0.62082964,0.40946567,0.74232996,-1.9369832438805705
merger,2.2953343548165566,0.7708184,0.51866734,0.66659296,-1.4319938665529457
merger,2.317807373225362,0.7000269,0.4791768,0.73137814,-1.4897426042579849
merger,2.159162015116281,0.38799062,0.25503787,0.7917846,-1.7543456271743803
merger,2.3213281584085195,0.51838297,0.30430996,0.7748573,-1.7659106001248348
merger,1.8498146222010554,0.81420714,0.5548852,0.688069,-1.0188961845180122
merger,2.246462305386893,0.8032968,0.5405557,0.69310075,-1.3224158265412127
merger,1.7343916020318684,0.51668787,0.20077422,0.7335215,-1.1525608031729984
merger,1.9820702390823914,0.8221374,0.5539303,0.6924202,-1.151307140962172
merger,1.918486985644621,0.8000402,0.55531466,0.69202447,-1.0799550549766637
merger,2.8640963707658824,0.7697635,0.5305337,0.7138849,-1.952210312740797
merger,3.156059675079557,1.167447,0.7872263,0.72719,-2.1371735828681966
merger,2.7374588665622324,0.9030958,0.6500532,0.7238914,-1.6173166392811398
merger,1.721477558886123,0.79388595,0.5536275,0.68073165,-1.031072018075392
merger,1.2680922122707925,0.8018625,0.56797,0.6949933,-0.7752648788356924
merger,1.7168579277837273,0.68553966,0.34375808,0.70234966,-1.1766352642394127
merger,2.1603770940251077,0.7748457,0.53421867,0.68857396,-1.2642598367086713
merger,2.129068543404612,0.31683484,0.20882137,0.7680883,-1.8250001347136944
merger,1.56984485949571,0.4769953,0.23971808,0.7068652,-1.100374429127775
merger,2.595163409579402,1.1421292,0.73017025,0.7099075,-1.651052983468275
merger,2.831683067157452,0.7388839,0.51501065,0.703699,-2.124012476760758
merger,2.0606481890631687,0.8015406,0.54284894,0.6788256,-1.155411351978387
merger,1.7550417720796572,0.45895204,0.19235952,0.75037897,-1.3376101937409233
merger,2.637485702661322,0.7412844,0.5189439,0.68871415,-1.7503149376438767
merger,1.9815877291872694,0.8074916,0.54686266,0.69159186,-1.226606264259788
merger,1.7652078471106811,0.77865356,0.54370934,0.6916431,-1.0380553328357724
merger,2.0013913712273386,1.1800394,0.76404524,0.68128306,-1.3624085367505658
merger,1.7394977292706117,0.8138742,0.5626209,0.6964145,-1.0089660567679866
merger,1.9657112637264773,0.40237042,0.28061303,0.72379047,-1.4682783136794786
merger,1.9884617487578125,0.85471356,0.54614055,0.68867445,-1.2225217125702548
merger,2.306374429628369,0.3223722,0.23948729,0.76420534,-1.9646341790435262
merger,1.937475357422431,0.80679286,0.55336106,0.68632317,-1.056236323507187
merger,1.8033156676082331,0.5358403,0.2082611,0.7698344,-1.3520577014311674
merger,1.9468662505135195,0.77763766,0.54914814,0.6973791,-1.1882144689077603
merger,2.875774024859199,0.7877729,0.5347432,0.7254852,-2.0940804818221963
merger,1.2362725119939793,0.8160944,0.5591669,0.69364846,-0.7494957816195902
merger,1.9282837488809192,0.803191,0.5583803,0.68281734,-1.132252872195854
merger,2.7506601940389954,0.7161765,0.49632126,0.73998106,-2.025321751539662
merger,1.6450295982784022,0.79992676,0.5588347,0.6808403,-0.9136300342946772
merger,1.937644607941136,0.8380111,0.55173177,0.6899146,-1.0852644611220046
merger,1.8393842431756304,0.33181632,0.2089886,0.76138353,-1.3380870191376466
merger,2.0514981557963203,0.7772068,0.5341381,0.67995965,-1.203737917410319
merger,1.7226753927185512,0.4953609,0.22930267,0.736321,-1.3096992566653662
merger,1.7936034570326567,0.6899045,0.23133288,0.74451554,-1.3294596188882355
merger,1.4189382097730052,0.7858401,0.55718017,0.6749848,-0.8088381635918035
